"classify","robustness","classe"
0.839,0.5,"A"
0.849,0.5,"A"
0.847,0.5,"A"
0.848,0.5,"A"
0.848,0.5,"A"
0.84,0.5,"A"
0.847,0.5,"A"
0.849,0.5,"A"
0.85,0.5,"A"
0.846,0.5,"A"
0.854,0.51,"A"
0.847,0.5,"A"
0.853,0.5,"A"
0.843,0.5,"A"
0.852,0.5,"A"
0.861,0.51,"A"
0.854,0.5,"A"
0.857,0.51,"A"
0.853,0.5,"A"
0.852,0.5,"A"
0.852,0.5,"A"
0.848,0.5,"A"
0.836,0.5,"A"
0.855,0.5,"A"
0.849,0.5,"A"
0.858,0.51,"A"
0.848,0.5,"A"
0.854,0.5,"A"
0.855,0.51,"A"
0.858,0.51,"A"
0.865,0.51,"A"
0.865,0.51,"A"
0.865,0.51,"A"
0.874,0.51,"A"
0.871,0.51,"A"
0.5,0.29,"A"
0.883,0.52,"A"
0.882,0.52,"A"
0.876,0.52,"A"
0.858,0.51,"A"
0.867,0.51,"A"
0.881,0.51,"A"
0.894,0.53,"A"
0.88,0.53,"A"
0.887,0.53,"A"
0.887,0.53,"A"
0.887,0.53,"A"
0.851,0.51,"A"
0.834,0.5,"A"
0.872,0.52,"A"
0.864,0.51,"A"
0.859,0.51,"A"
0.847,0.51,"A"
0.866,0.52,"A"
0.862,0.52,"A"
0.87,0.52,"A"
0.841,0.5,"A"
0.823,0.49,"A"
0.855,0.51,"A"
0.847,0.5,"A"
0.852,0.51,"A"
0.864,0.51,"A"
0.883,0.52,"A"
0.83,0.5,"A"
0.834,0.5,"A"
0.841,0.5,"A"
0.845,0.5,"A"
0.822,0.49,"A"
0.836,0.5,"A"
0.828,0.49,"A"
0.82,0.49,"A"
0.813,0.49,"A"
0.822,0.49,"A"
0.824,0.49,"A"
0.75,0.47,"A"
0.649,0.42,"A"
0.656,0.42,"A"
0.73,0.45,"A"
0.725,0.45,"A"
0.705,0.44,"A"
0.633,0.4,"A"
0.675,0.41,"A"
0.866,0.52,"A"
0.834,0.5,"A"
0.783,0.47,"A"
0.792,0.47,"A"
0.823,0.49,"A"
0.837,0.5,"A"
0.756,0.47,"A"
0.749,0.46,"A"
0.718,0.46,"A"
0.686,0.44,"A"
0.629,0.41,"A"
0.665,0.42,"A"
0.741,0.45,"A"
0.812,0.5,"A"
0.828,0.48,"A"
0.834,0.5,"A"
0.805,0.48,"A"
0.873,0.51,"A"
0.84,0.5,"A"
0.857,0.51,"A"
0.731,0.44,"A"
0.754,0.45,"A"
0.772,0.47,"A"
0.821,0.49,"A"
0.795,0.47,"A"
0.722,0.43,"A"
0.697,0.42,"A"
0.624,0.38,"A"
0.747,0.46,"A"
0.779,0.47,"A"
0.84,0.51,"A"
0.802,0.49,"A"
0.73,0.45,"A"
0.756,0.47,"A"
0.894,0.53,"A"
0.866,0.52,"A"
0.855,0.51,"A"
0.817,0.49,"A"
0.835,0.5,"A"
0.843,0.51,"A"
0.838,0.5,"A"
0.834,0.5,"A"
0.829,0.5,"A"
0.856,0.51,"A"
0.694,0.42,"A"
0.807,0.49,"A"
0.825,0.5,"A"
0.816,0.49,"A"
0.804,0.48,"A"
0.844,0.5,"A"
0.866,0.51,"A"
0.861,0.51,"A"
0.834,0.5,"A"
0.858,0.52,"A"
0.84,0.51,"A"
0.834,0.5,"A"
0.83,0.49,"A"
0.847,0.5,"A"
0.866,0.5,"A"
0.739,0.43,"A"
0.732,0.43,"A"
0.786,0.46,"A"
0.706,0.41,"A"
0.755,0.44,"A"
0.804,0.48,"A"
0.843,0.5,"A"
0.84,0.5,"A"
0.821,0.48,"A"
0.837,0.49,"A"
0.72,0.41,"A"
1,0.58,"A"
0.727,0.42,"A"
0.746,0.43,"A"
0.736,0.42,"A"
0.931,0.56,"A"
0.888,0.53,"A"
0.893,0.53,"A"
0.664,0.39,"A"
0.918,0.54,"A"
0.8,0.48,"A"
0.828,0.49,"A"
0.796,0.46,"A"
0.834,0.5,"A"
0.839,0.51,"A"
0.843,0.51,"A"
0.756,0.47,"A"
0.874,0.53,"A"
0.745,0.46,"A"
0.745,0.46,"A"
0.555,0.35,"A"
0.642,0.41,"A"
0.569,0.36,"A"
0.707,0.43,"A"
0.784,0.48,"A"
0.816,0.49,"A"
0.532,0.35,"A"
0.577,0.38,"A"
0.715,0.45,"A"
0.853,0.5,"A"
0.831,0.48,"A"
0.84,0.5,"A"
0.854,0.51,"A"
0.829,0.5,"A"
0.843,0.5,"A"
0.843,0.5,"A"
0.884,0.53,"A"
0.864,0.51,"A"
0.873,0.52,"A"
0.88,0.53,"A"
0.867,0.52,"A"
0.862,0.52,"A"
0.835,0.5,"A"
0.85,0.5,"A"
0.853,0.5,"A"
0.862,0.51,"A"
0.865,0.51,"A"
0.858,0.5,"A"
0.868,0.51,"A"
0.84,0.49,"A"
0.836,0.49,"A"
0.865,0.51,"A"
0.834,0.49,"A"
0.845,0.5,"A"
0.865,0.51,"A"
0.858,0.51,"A"
0.835,0.5,"A"
0.853,0.51,"A"
0.866,0.51,"A"
0.875,0.52,"A"
0.861,0.52,"A"
0.867,0.52,"A"
0.873,0.52,"A"
0.881,0.53,"A"
0.862,0.52,"A"
0.858,0.52,"A"
0.869,0.52,"A"
0.878,0.53,"A"
0.879,0.53,"A"
0.871,0.52,"A"
0.855,0.52,"A"
0.857,0.52,"A"
0.834,0.5,"A"
0.864,0.52,"A"
0.85,0.52,"A"
0.84,0.51,"A"
0.834,0.51,"A"
0.841,0.5,"A"
0.895,0.54,"A"
0.885,0.53,"A"
0.871,0.52,"A"
0.866,0.51,"A"
0.847,0.5,"A"
0.889,0.53,"A"
0.89,0.52,"A"
0.894,0.53,"A"
0.867,0.51,"A"
0.834,0.48,"A"
0.894,0.53,"A"
0.834,0.49,"A"
0.885,0.52,"A"
0.887,0.52,"A"
0.86,0.5,"A"
0.797,0.48,"A"
0.897,0.54,"A"
0.869,0.51,"A"
0.822,0.49,"A"
0.841,0.5,"A"
0.874,0.52,"A"
0.878,0.52,"A"
0.874,0.52,"A"
0.823,0.48,"A"
0.87,0.52,"A"
0.847,0.51,"A"
0.86,0.52,"A"
0.83,0.5,"A"
0.873,0.53,"A"
0.837,0.5,"A"
0.875,0.52,"A"
0.849,0.51,"A"
0.834,0.49,"A"
0.833,0.5,"A"
0.838,0.5,"A"
0.872,0.52,"A"
0.849,0.5,"A"
0.832,0.5,"A"
0.831,0.49,"A"
0.839,0.5,"A"
0.855,0.51,"A"
0.848,0.5,"A"
0.778,0.47,"A"
0.869,0.52,"A"
0.869,0.52,"A"
0.894,0.53,"A"
0.872,0.52,"A"
0.859,0.52,"A"
0.884,0.53,"A"
0.848,0.51,"A"
0.832,0.5,"A"
0.833,0.49,"A"
0.837,0.5,"A"
0.847,0.51,"A"
0.851,0.51,"A"
0.849,0.51,"A"
0.775,0.45,"A"
0.731,0.42,"A"
0.714,0.42,"A"
0.696,0.42,"A"
0.835,0.5,"A"
0.839,0.5,"A"
0.835,0.5,"A"
0.826,0.49,"A"
0.877,0.52,"A"
0.866,0.52,"A"
0.867,0.51,"A"
0.868,0.52,"A"
0.855,0.51,"A"
0.876,0.52,"A"
0.878,0.53,"A"
0.875,0.52,"A"
0.848,0.5,"A"
0.858,0.51,"A"
0.838,0.51,"A"
0.857,0.51,"A"
0.865,0.51,"A"
0.894,0.52,"A"
0.804,0.47,"A"
0.839,0.49,"A"
0.849,0.5,"A"
0.842,0.49,"A"
0.847,0.5,"A"
0.812,0.48,"A"
0.835,0.5,"A"
0.819,0.49,"A"
0.739,0.44,"A"
0.764,0.46,"A"
0.781,0.47,"A"
0.769,0.46,"A"
0.797,0.48,"A"
0.832,0.5,"A"
0.833,0.5,"A"
0.873,0.52,"A"
0.891,0.54,"A"
0.928,0.55,"A"
0.91,0.54,"A"
0.894,0.53,"A"
0.922,0.55,"A"
0.926,0.55,"A"
0.905,0.54,"A"
0.875,0.52,"A"
0.861,0.51,"A"
0.821,0.49,"A"
0.893,0.53,"A"
0.908,0.54,"A"
0.836,0.5,"A"
0.832,0.5,"A"
0.837,0.5,"A"
0.881,0.52,"A"
0.877,0.53,"A"
0.873,0.52,"A"
0.858,0.51,"A"
0.934,0.55,"A"
0.934,0.55,"A"
0.925,0.54,"A"
0.906,0.53,"A"
0.926,0.55,"A"
0.86,0.52,"A"
0.841,0.51,"A"
0.885,0.52,"A"
0.894,0.53,"A"
0.877,0.52,"A"
0.875,0.52,"A"
0.905,0.54,"A"
0.863,0.51,"A"
0.912,0.54,"A"
0.901,0.54,"A"
0.934,0.56,"A"
0.919,0.54,"A"
0.925,0.54,"A"
0.842,0.51,"A"
0.842,0.51,"A"
0.861,0.52,"A"
0.853,0.51,"A"
0.826,0.48,"A"
0.834,0.49,"A"
0.866,0.51,"A"
0.873,0.51,"A"
0.889,0.52,"A"
0.906,0.54,"A"
0.92,0.55,"A"
0.87,0.52,"A"
0.858,0.52,"A"
0.896,0.53,"A"
0.9,0.54,"A"
0.891,0.54,"A"
0.832,0.5,"A"
0.803,0.48,"A"
0.798,0.48,"A"
0.827,0.5,"A"
0.828,0.5,"A"
0.844,0.5,"A"
0.859,0.51,"A"
0.846,0.5,"A"
0.813,0.49,"A"
0.834,0.5,"A"
0.875,0.53,"A"
0.761,0.46,"A"
0.776,0.47,"A"
0.772,0.47,"A"
0.815,0.49,"A"
0.807,0.49,"A"
0.817,0.5,"A"
0.836,0.5,"A"
0.841,0.51,"A"
0.871,0.53,"A"
0.83,0.51,"A"
0.809,0.5,"A"
0.769,0.47,"A"
0.793,0.48,"A"
0.782,0.48,"A"
0.8,0.49,"A"
0.797,0.49,"A"
0.814,0.49,"A"
0.858,0.52,"A"
0.805,0.49,"A"
0.824,0.5,"A"
0.842,0.51,"A"
0.862,0.52,"A"
0.868,0.52,"A"
0.838,0.5,"A"
0.846,0.51,"A"
0.823,0.49,"A"
0.829,0.5,"A"
0.846,0.5,"A"
0.813,0.49,"A"
0.804,0.48,"A"
0.835,0.5,"A"
0.789,0.48,"A"
0.841,0.51,"A"
0.84,0.49,"A"
0.832,0.49,"A"
0.849,0.5,"A"
0.849,0.5,"A"
0.841,0.5,"A"
0.84,0.5,"A"
0.85,0.5,"A"
0.846,0.5,"A"
0.84,0.5,"A"
0.846,0.5,"A"
0.849,0.5,"A"
0.85,0.51,"A"
0.853,0.5,"A"
0.872,0.51,"A"
0.891,0.52,"A"
0.853,0.51,"A"
0.872,0.52,"A"
0.85,0.5,"A"
0.863,0.51,"A"
0.876,0.52,"A"
0.871,0.51,"A"
0.894,0.53,"A"
0.867,0.51,"A"
0.886,0.52,"A"
0.88,0.52,"A"
0.882,0.52,"A"
0.909,0.54,"A"
0.945,0.56,"A"
0.927,0.56,"A"
0.907,0.55,"A"
0.909,0.55,"A"
0.894,0.54,"A"
0.835,0.51,"A"
0.759,0.45,"A"
0.82,0.49,"A"
0.831,0.5,"A"
0.838,0.5,"A"
0.829,0.49,"A"
0.83,0.49,"A"
0.887,0.52,"A"
0.873,0.52,"A"
0.865,0.52,"A"
0.853,0.51,"A"
0.876,0.54,"A"
0.831,0.49,"A"
0.858,0.51,"A"
0.834,0.5,"A"
0.92,0.55,"A"
0.862,0.51,"A"
0.887,0.52,"A"
0.815,0.48,"A"
0.884,0.53,"A"
0.873,0.52,"A"
0.861,0.52,"A"
0.867,0.52,"A"
0.9,0.54,"A"
0.905,0.54,"A"
0.904,0.54,"A"
0.888,0.53,"A"
0.878,0.52,"A"
0.834,0.51,"A"
0.844,0.51,"A"
0.848,0.51,"A"
0.846,0.5,"A"
0.86,0.51,"A"
0.871,0.52,"A"
0.838,0.49,"A"
0.821,0.49,"A"
0.876,0.52,"A"
0.891,0.53,"A"
0.834,0.5,"A"
0.842,0.51,"A"
0.834,0.51,"A"
0.887,0.53,"A"
0.847,0.5,"A"
0.875,0.53,"A"
0.879,0.53,"A"
0.838,0.51,"A"
0.864,0.52,"A"
0.86,0.51,"A"
0.831,0.49,"A"
0.863,0.52,"A"
0.838,0.5,"A"
0.877,0.52,"A"
0.907,0.54,"A"
0.857,0.51,"A"
0.894,0.53,"A"
0.872,0.53,"A"
0.87,0.53,"A"
0.866,0.52,"A"
0.886,0.54,"A"
0.87,0.53,"A"
0.862,0.52,"A"
0.848,0.51,"A"
0.833,0.5,"A"
0.894,0.53,"A"
0.838,0.5,"A"
0.815,0.49,"A"
0.852,0.5,"A"
0.894,0.53,"A"
0.868,0.51,"A"
0.909,0.54,"A"
0.813,0.49,"A"
0.841,0.5,"A"
0.812,0.49,"A"
0.851,0.51,"A"
0.799,0.49,"A"
0.82,0.5,"A"
0.805,0.49,"A"
0.849,0.51,"A"
0.85,0.52,"A"
0.852,0.51,"A"
0.862,0.52,"A"
0.795,0.48,"A"
0.841,0.5,"A"
0.862,0.51,"A"
0.837,0.5,"A"
0.793,0.48,"A"
0.817,0.49,"A"
0.85,0.51,"A"
0.774,0.47,"A"
0.788,0.48,"A"
0.777,0.47,"A"
0.71,0.43,"A"
0.885,0.53,"A"
0.85,0.51,"A"
0.816,0.5,"A"
0.746,0.47,"A"
0.502,0.31,"A"
0.719,0.44,"A"
0.834,0.5,"A"
0.889,0.52,"A"
0.873,0.51,"A"
0.834,0.49,"A"
0.83,0.49,"A"
0.857,0.52,"A"
0.842,0.51,"A"
0.823,0.5,"A"
0.765,0.47,"A"
0.821,0.5,"A"
0.839,0.5,"A"
0.801,0.47,"A"
0.581,0.38,"A"
0.538,0.34,"A"
0.522,0.33,"A"
0.744,0.45,"A"
0.507,0.33,"A"
0.495,0.33,"A"
0.391,0.29,"A"
0.797,0.47,"A"
0.775,0.45,"A"
0.761,0.45,"A"
0.561,0.35,"C"
0.564,0.35,"C"
0.769,0.47,"A"
0.733,0.44,"A"
0.864,0.51,"A"
0.895,0.53,"A"
0.912,0.53,"A"
0.883,0.52,"A"
0.873,0.52,"A"
0.9,0.53,"A"
0.893,0.53,"A"
0.891,0.53,"A"
0.874,0.52,"A"
0.884,0.52,"A"
0.884,0.52,"A"
0.876,0.52,"A"
0.879,0.52,"A"
0.879,0.52,"A"
0.876,0.52,"A"
0.859,0.51,"A"
0.865,0.51,"A"
0.869,0.51,"A"
0.893,0.52,"A"
0.873,0.52,"A"
0.881,0.52,"A"
0.869,0.51,"A"
0.88,0.52,"A"
0.886,0.52,"A"
0.899,0.53,"A"
0.907,0.53,"A"
0.881,0.52,"A"
0.888,0.52,"A"
0.883,0.52,"A"
0.905,0.53,"A"
0.895,0.53,"A"
0.9,0.53,"A"
0.879,0.52,"A"
0.861,0.51,"A"
0.872,0.52,"A"
0.892,0.53,"A"
0.898,0.53,"A"
0.894,0.53,"A"
0.9,0.53,"A"
0.896,0.53,"A"
0.898,0.53,"A"
0.894,0.53,"A"
0.887,0.52,"A"
0.886,0.52,"A"
0.883,0.52,"A"
0.889,0.53,"A"
0.888,0.53,"A"
0.882,0.52,"A"
0.877,0.52,"A"
0.876,0.52,"A"
0.871,0.52,"A"
0.895,0.53,"A"
0.89,0.53,"A"
0.878,0.52,"A"
0.873,0.52,"A"
0.875,0.52,"A"
0.862,0.51,"A"
0.882,0.52,"A"
0.864,0.52,"A"
0.861,0.51,"A"
0.85,0.51,"A"
0.832,0.5,"A"
0.834,0.5,"A"
0.845,0.51,"A"
0.876,0.53,"A"
0.891,0.53,"A"
0.838,0.51,"A"
0.837,0.51,"A"
0.881,0.53,"A"
0.882,0.53,"A"
0.854,0.51,"A"
0.83,0.5,"A"
0.853,0.51,"A"
0.854,0.51,"A"
0.849,0.51,"A"
0.836,0.51,"A"
0.845,0.51,"A"
0.831,0.5,"A"
0.836,0.51,"A"
0.85,0.51,"A"
0.818,0.49,"A"
0.829,0.5,"A"
0.852,0.51,"A"
0.82,0.5,"A"
0.825,0.5,"A"
0.83,0.5,"A"
0.838,0.51,"A"
0.841,0.51,"A"
0.842,0.51,"A"
0.854,0.51,"A"
0.843,0.51,"A"
0.837,0.51,"A"
0.844,0.51,"A"
0.833,0.51,"A"
0.846,0.51,"A"
0.859,0.52,"A"
0.868,0.53,"A"
0.847,0.51,"A"
0.849,0.51,"A"
0.858,0.52,"A"
0.883,0.52,"A"
0.885,0.52,"A"
0.883,0.52,"A"
0.87,0.51,"A"
0.877,0.52,"A"
0.862,0.51,"A"
0.861,0.51,"A"
0.88,0.52,"A"
0.872,0.52,"A"
0.889,0.53,"A"
0.886,0.53,"A"
0.83,0.49,"A"
0.87,0.52,"A"
0.86,0.52,"A"
0.863,0.52,"A"
0.849,0.51,"A"
0.894,0.53,"A"
0.876,0.51,"A"
0.868,0.51,"A"
0.871,0.51,"A"
0.872,0.51,"A"
0.852,0.51,"A"
0.867,0.52,"A"
0.859,0.51,"A"
0.862,0.52,"A"
0.855,0.51,"A"
0.867,0.52,"A"
0.877,0.52,"A"
0.887,0.53,"A"
0.886,0.53,"A"
0.885,0.53,"A"
0.886,0.53,"A"
0.877,0.52,"A"
0.871,0.52,"A"
0.87,0.52,"A"
0.871,0.52,"A"
0.86,0.51,"A"
0.851,0.51,"A"
0.871,0.52,"A"
0.894,0.53,"A"
0.894,0.53,"A"
0.886,0.52,"A"
0.88,0.52,"A"
0.869,0.52,"A"
0.869,0.52,"A"
0.871,0.52,"A"
0.896,0.53,"A"
0.886,0.53,"A"
0.882,0.52,"A"
0.882,0.53,"A"
0.868,0.52,"A"
0.864,0.51,"A"
0.862,0.52,"A"
0.862,0.51,"A"
0.852,0.51,"A"
0.847,0.5,"A"
0.842,0.5,"A"
0.847,0.5,"A"
0.824,0.49,"A"
0.894,0.53,"A"
0.851,0.5,"A"
0.819,0.49,"A"
0.823,0.49,"A"
0.834,0.5,"A"
0.884,0.53,"A"
0.867,0.52,"A"
0.847,0.51,"A"
0.836,0.5,"A"
0.862,0.52,"A"
0.868,0.52,"A"
0.881,0.53,"A"
0.882,0.53,"A"
0.872,0.52,"A"
0.837,0.51,"A"
0.834,0.51,"A"
0.895,0.54,"A"
0.878,0.52,"A"
0.885,0.53,"A"
0.875,0.52,"A"
0.881,0.52,"A"
0.865,0.52,"A"
0.87,0.52,"A"
0.894,0.53,"A"
0.819,0.5,"A"
0.863,0.51,"A"
0.875,0.52,"A"
0.822,0.49,"A"
0.789,0.47,"A"
0.834,0.5,"A"
0.834,0.51,"A"
0.851,0.5,"A"
0.874,0.52,"A"
0.83,0.5,"A"
0.85,0.51,"A"
0.894,0.53,"A"
0.885,0.52,"A"
0.872,0.51,"A"
0.865,0.51,"A"
0.797,0.48,"A"
0.834,0.49,"A"
0.792,0.47,"A"
0.794,0.5,"A"
0.782,0.49,"A"
0.88,0.53,"A"
0.899,0.54,"A"
0.908,0.54,"A"
0.854,0.51,"A"
0.627,0.41,"A"
0.792,0.48,"A"
0.845,0.51,"A"
0.862,0.52,"A"
0.874,0.54,"A"
0.861,0.53,"A"
0.814,0.48,"A"
0.766,0.45,"A"
0.784,0.47,"A"
0.8,0.48,"A"
0.576,0.38,"A"
0.597,0.39,"A"
0.663,0.43,"A"
0.682,0.43,"A"
0.683,0.44,"A"
0.721,0.46,"A"
0.682,0.44,"A"
0.699,0.44,"A"
0.614,0.37,"A"
0.703,0.44,"A"
0.721,0.45,"A"
0.83,0.5,"A"
0.838,0.51,"A"
0.812,0.49,"A"
0.722,0.44,"A"
0.459,0.31,"A"
0.473,0.33,"A"
0.506,0.36,"A"
0.601,0.41,"A"
0.612,0.41,"A"
0.635,0.42,"A"
0.609,0.4,"A"
0.621,0.4,"A"
0.804,0.47,"A"
0.834,0.49,"A"
0.807,0.48,"A"
0.772,0.46,"A"
0.795,0.5,"A"
0.764,0.48,"A"
0.832,0.51,"A"
0.813,0.5,"A"
0.828,0.5,"A"
0.832,0.51,"A"
0.855,0.52,"A"
0.845,0.52,"A"
0.87,0.53,"A"
0.849,0.52,"A"
0.864,0.53,"A"
0.861,0.52,"A"
0.852,0.52,"A"
0.868,0.53,"A"
0.85,0.52,"A"
0.834,0.51,"A"
0.847,0.52,"A"
0.854,0.52,"A"
0.853,0.52,"A"
0.853,0.52,"A"
0.863,0.52,"A"
0.87,0.53,"A"
0.867,0.53,"A"
0.857,0.53,"A"
0.842,0.51,"A"
0.837,0.51,"A"
0.857,0.52,"A"
0.864,0.52,"A"
0.845,0.51,"A"
0.856,0.52,"A"
0.859,0.52,"A"
0.845,0.52,"A"
0.859,0.52,"A"
0.869,0.53,"A"
0.856,0.52,"A"
0.859,0.52,"A"
0.853,0.52,"A"
0.84,0.51,"A"
0.852,0.52,"A"
0.862,0.53,"A"
0.852,0.52,"A"
0.858,0.53,"A"
0.839,0.51,"A"
0.842,0.52,"A"
0.857,0.52,"A"
0.836,0.51,"A"
0.855,0.52,"A"
0.853,0.52,"A"
0.838,0.52,"A"
0.848,0.52,"A"
0.866,0.53,"A"
0.845,0.52,"A"
0.84,0.51,"A"
0.846,0.52,"A"
0.859,0.52,"A"
0.846,0.52,"A"
0.865,0.52,"A"
0.855,0.53,"A"
0.854,0.53,"A"
0.868,0.53,"A"
0.876,0.53,"A"
0.883,0.53,"A"
0.874,0.53,"A"
0.854,0.52,"A"
0.863,0.53,"A"
0.874,0.53,"A"
0.849,0.52,"A"
0.858,0.53,"A"
0.859,0.53,"A"
0.85,0.52,"A"
0.85,0.52,"A"
0.836,0.52,"A"
0.847,0.51,"A"
0.834,0.51,"A"
0.847,0.52,"A"
0.852,0.52,"A"
0.823,0.51,"A"
0.825,0.51,"A"
0.834,0.51,"A"
0.823,0.51,"A"
0.84,0.51,"A"
0.824,0.5,"A"
0.844,0.51,"A"
0.836,0.51,"A"
0.823,0.5,"A"
0.845,0.52,"A"
0.879,0.54,"A"
0.89,0.55,"A"
0.872,0.52,"A"
0.85,0.51,"A"
0.92,0.55,"A"
0.888,0.53,"A"
0.816,0.48,"A"
0.829,0.5,"A"
0.858,0.5,"A"
0.793,0.47,"A"
0.801,0.48,"A"
0.832,0.5,"A"
0.822,0.49,"A"
0.817,0.5,"A"
0.803,0.48,"A"
0.792,0.48,"A"
0.776,0.47,"A"
0.849,0.5,"A"
0.879,0.53,"A"
0.894,0.54,"A"
0.834,0.51,"A"
0.824,0.5,"A"
0.85,0.51,"A"
0.866,0.52,"A"
0.885,0.53,"A"
0.773,0.49,"A"
0.62,0.42,"A"
0.696,0.45,"A"
0.767,0.49,"A"
0.852,0.51,"A"
0.798,0.47,"A"
0.89,0.53,"A"
0.706,0.46,"A"
0.704,0.45,"A"
0.79,0.47,"A"
0.894,0.52,"A"
0.88,0.52,"A"
0.896,0.52,"A"
0.834,0.5,"A"
0.856,0.52,"A"
0.798,0.47,"A"
0.814,0.48,"A"
0.84,0.51,"A"
0.829,0.49,"A"
0.802,0.49,"A"
0.834,0.5,"A"
0.774,0.48,"A"
0.878,0.53,"A"
0.845,0.5,"A"
0.843,0.5,"A"
0.799,0.46,"A"
0.723,0.44,"A"
0.781,0.47,"A"
0.854,0.51,"A"
0.865,0.51,"A"
0.847,0.51,"A"
0.774,0.48,"A"
0.782,0.49,"A"
0.84,0.51,"A"
0.834,0.51,"A"
0.834,0.51,"A"
0.881,0.52,"A"
0.892,0.52,"A"
0.894,0.53,"A"
0.817,0.5,"A"
0.834,0.5,"A"
0.803,0.49,"A"
0.735,0.46,"A"
0.854,0.52,"A"
0.811,0.5,"A"
0.84,0.51,"A"
0.906,0.54,"A"
0.874,0.53,"A"
0.834,0.51,"A"
0.851,0.5,"A"
0.793,0.48,"A"
0.869,0.52,"A"
0.826,0.5,"A"
0.886,0.53,"A"
0.684,0.42,"A"
0.693,0.44,"A"
0.69,0.44,"A"
0.704,0.45,"A"
0.77,0.48,"A"
0.78,0.48,"A"
0.738,0.45,"A"
0.774,0.47,"A"
0.783,0.48,"A"
0.654,0.4,"A"
0.628,0.42,"A"
0.618,0.41,"A"
0.623,0.4,"A"
0.638,0.41,"A"
0.65,0.41,"A"
0.655,0.41,"A"
0.652,0.41,"A"
0.796,0.49,"A"
0.843,0.51,"A"
0.866,0.52,"A"
0.753,0.47,"A"
0.731,0.45,"A"
0.706,0.44,"A"
0.651,0.42,"A"
0.636,0.42,"A"
0.658,0.43,"A"
0.647,0.43,"A"
0.586,0.39,"A"
0.583,0.39,"A"
0.604,0.4,"A"
0.603,0.4,"A"
0.709,0.45,"A"
0.713,0.44,"A"
0.745,0.46,"A"
0.617,0.4,"A"
0.555,0.34,"A"
0.588,0.38,"A"
0.618,0.41,"A"
0.879,0.52,"A"
0.87,0.52,"A"
0.876,0.52,"A"
0.881,0.53,"A"
0.873,0.52,"A"
0.881,0.53,"A"
0.876,0.52,"A"
0.873,0.52,"A"
0.884,0.53,"A"
0.883,0.52,"A"
0.608,0.42,"A"
0.631,0.44,"A"
0.438,0.32,"A"
0.435,0.33,"A"
0.44,0.33,"A"
0.392,0.29,"A"
0.443,0.33,"A"
0.469,0.33,"A"
0.412,0.3,"A"
0.436,0.31,"A"
0.445,0.32,"A"
0.427,0.3,"A"
0.712,0.46,"A"
0.725,0.47,"A"
0.629,0.43,"A"
0.539,0.38,"A"
0.586,0.4,"A"
0.579,0.4,"A"
0.593,0.4,"A"
0.609,0.42,"A"
0.479,0.35,"A"
0.489,0.36,"A"
0.46,0.34,"A"
0.401,0.3,"C"
0.418,0.31,"A"
0.432,0.32,"A"
0.438,0.33,"A"
0.882,0.53,"A"
0.857,0.51,"A"
0.865,0.52,"A"
0.879,0.53,"A"
0.837,0.5,"A"
0.852,0.51,"A"
0.85,0.51,"A"
0.826,0.49,"A"
0.831,0.49,"A"
0.834,0.5,"A"
0.856,0.51,"A"
0.878,0.52,"A"
0.881,0.53,"A"
0.897,0.54,"A"
0.864,0.51,"A"
0.862,0.52,"A"
0.901,0.54,"A"
0.873,0.52,"A"
0.834,0.49,"A"
0.834,0.5,"A"
0.859,0.51,"A"
0.868,0.52,"A"
0.877,0.53,"A"
0.866,0.52,"A"
0.894,0.53,"A"
0.87,0.52,"A"
0.891,0.53,"A"
0.896,0.54,"A"
0.884,0.53,"A"
0.885,0.53,"A"
0.89,0.53,"A"
0.834,0.5,"A"
0.852,0.51,"A"
0.846,0.51,"A"
0.85,0.5,"A"
0.846,0.51,"A"
0.834,0.5,"A"
0.834,0.5,"A"
0.846,0.51,"A"
0.896,0.53,"A"
0.899,0.54,"A"
0.87,0.52,"A"
0.834,0.5,"A"
0.877,0.53,"A"
0.836,0.5,"A"
0.832,0.5,"A"
0.862,0.52,"A"
0.859,0.51,"A"
0.89,0.53,"A"
0.851,0.51,"A"
0.872,0.52,"A"
0.885,0.53,"A"
0.834,0.5,"A"
0.813,0.48,"A"
0.851,0.51,"A"
0.871,0.52,"A"
0.848,0.51,"A"
0.893,0.54,"A"
0.834,0.49,"A"
0.88,0.53,"A"
0.889,0.53,"A"
0.812,0.48,"A"
0.763,0.46,"A"
0.783,0.47,"A"
0.802,0.48,"A"
0.753,0.45,"A"
0.819,0.49,"A"
0.833,0.49,"A"
0.885,0.53,"A"
0.896,0.53,"A"
0.877,0.52,"A"
0.853,0.51,"A"
0.884,0.52,"A"
0.862,0.51,"A"
0.919,0.55,"A"
0.901,0.54,"A"
0.863,0.51,"A"
0.878,0.52,"A"
0.854,0.51,"A"
0.883,0.53,"A"
0.884,0.52,"A"
0.878,0.52,"A"
0.784,0.46,"A"
0.881,0.52,"A"
0.865,0.52,"A"
0.777,0.47,"A"
0.871,0.52,"A"
0.886,0.53,"A"
0.895,0.53,"A"
0.894,0.53,"A"
0.9,0.53,"A"
0.864,0.51,"A"
0.866,0.51,"A"
0.845,0.5,"A"
0.894,0.53,"A"
0.894,0.53,"A"
0.897,0.53,"A"
0.89,0.53,"A"
0.867,0.52,"A"
0.869,0.52,"A"
0.862,0.51,"A"
0.918,0.55,"A"
0.769,0.45,"A"
0.911,0.55,"A"
0.849,0.51,"A"
0.82,0.48,"A"
0.818,0.48,"A"
0.891,0.53,"A"
0.861,0.51,"A"
0.868,0.52,"A"
0.863,0.51,"A"
0.834,0.49,"A"
0.848,0.49,"A"
0.857,0.5,"A"
0.848,0.5,"A"
0.884,0.53,"A"
0.874,0.52,"A"
0.894,0.53,"A"
0.894,0.53,"A"
0.826,0.5,"A"
0.774,0.46,"A"
0.789,0.47,"A"
0.823,0.49,"A"
0.867,0.52,"A"
0.82,0.49,"A"
0.879,0.52,"A"
0.804,0.48,"A"
0.719,0.42,"A"
0.776,0.45,"A"
0.802,0.47,"A"
0.831,0.49,"A"
0.769,0.46,"A"
0.828,0.5,"A"
0.832,0.49,"A"
0.863,0.51,"A"
0.84,0.5,"A"
0.87,0.52,"A"
0.865,0.51,"A"
0.718,0.43,"A"
0.737,0.43,"A"
0.712,0.42,"A"
0.666,0.39,"A"
0.624,0.37,"A"
0.716,0.42,"A"
0.811,0.48,"A"
0.74,0.44,"A"
0.754,0.46,"A"
0.764,0.46,"A"
0.834,0.5,"A"
0.846,0.51,"A"
0.878,0.52,"A"
0.832,0.49,"A"
0.835,0.49,"A"
0.82,0.48,"A"
0.855,0.51,"A"
0.768,0.46,"A"
0.761,0.46,"A"
0.78,0.46,"A"
0.76,0.45,"A"
0.769,0.45,"A"
0.694,0.41,"A"
0.791,0.47,"A"
0.802,0.48,"A"
0.809,0.48,"A"
0.811,0.48,"A"
0.823,0.48,"A"
0.821,0.48,"A"
0.833,0.49,"A"
0.754,0.45,"A"
0.885,0.53,"A"
0.905,0.54,"A"
0.43,0.31,"A"
0.393,0.29,"A"
0.425,0.31,"A"
0.445,0.34,"A"
0.441,0.33,"A"
0.44,0.33,"A"
0.416,0.32,"A"
0.403,0.31,"A"
0.394,0.31,"A"
0.42,0.32,"A"
0.402,0.31,"A"
0.41,0.31,"A"
0.432,0.33,"A"
0.463,0.35,"A"
0.517,0.37,"A"
0.565,0.4,"A"
0.557,0.39,"A"
0.611,0.42,"A"
0.598,0.42,"A"
0.553,0.39,"A"
0.551,0.38,"A"
0.539,0.38,"A"
0.496,0.34,"A"
0.481,0.34,"A"
0.509,0.35,"A"
0.48,0.34,"A"
0.49,0.34,"A"
0.485,0.34,"A"
0.423,0.3,"A"
0.411,0.29,"A"
0.419,0.3,"A"
0.404,0.29,"A"
0.433,0.32,"A"
0.464,0.34,"A"
0.355,0.27,"A"
0.349,0.27,"C"
0.751,0.45,"A"
0.788,0.46,"A"
0.848,0.5,"A"
0.847,0.5,"A"
0.857,0.5,"A"
0.833,0.49,"A"
0.811,0.48,"A"
0.784,0.47,"A"
0.864,0.52,"A"
0.871,0.52,"A"
0.881,0.53,"A"
0.872,0.52,"A"
0.878,0.53,"A"
0.824,0.49,"A"
0.823,0.49,"A"
0.85,0.5,"A"
0.881,0.52,"A"
0.857,0.51,"A"
0.848,0.51,"A"
0.909,0.55,"A"
0.879,0.52,"A"
0.86,0.51,"A"
0.891,0.53,"A"
0.879,0.53,"A"
0.886,0.53,"A"
0.907,0.54,"A"
0.908,0.54,"A"
0.859,0.51,"A"
0.861,0.51,"A"
0.834,0.49,"A"
0.835,0.51,"A"
0.835,0.51,"A"
0.844,0.51,"A"
0.852,0.52,"A"
0.858,0.52,"A"
0.846,0.52,"A"
0.86,0.52,"A"
0.889,0.53,"A"
0.885,0.53,"A"
0.834,0.5,"A"
0.867,0.52,"A"
0.834,0.5,"A"
0.834,0.5,"A"
0.683,0.42,"A"
0.715,0.44,"A"
0.783,0.47,"A"
0.823,0.49,"A"
0.847,0.51,"A"
0.853,0.51,"A"
0.802,0.48,"A"
0.808,0.48,"A"
0.851,0.51,"A"
0.834,0.5,"A"
0.839,0.51,"A"
0.862,0.52,"A"
0.876,0.52,"A"
0.822,0.49,"A"
0.854,0.51,"A"
0.852,0.51,"A"
0.813,0.49,"A"
0.841,0.5,"A"
0.876,0.53,"A"
0.861,0.51,"A"
0.894,0.54,"A"
0.859,0.51,"A"
0.837,0.5,"A"
0.835,0.5,"A"
0.864,0.51,"A"
0.85,0.51,"A"
0.866,0.51,"A"
0.857,0.51,"A"
0.853,0.51,"A"
0.846,0.5,"A"
0.847,0.5,"A"
0.874,0.52,"A"
0.834,0.49,"A"
0.833,0.49,"A"
0.854,0.5,"A"
0.866,0.51,"A"
0.87,0.52,"A"
0.868,0.51,"A"
0.875,0.52,"A"
0.888,0.53,"A"
0.888,0.53,"A"
0.873,0.51,"A"
0.875,0.51,"A"
0.873,0.51,"A"
0.89,0.52,"A"
0.869,0.51,"A"
0.839,0.49,"A"
0.847,0.5,"A"
0.839,0.49,"A"
0.841,0.49,"A"
0.853,0.5,"A"
0.834,0.48,"A"
0.76,0.46,"A"
0.826,0.5,"A"
0.797,0.5,"A"
0.777,0.49,"A"
0.781,0.49,"A"
0.651,0.38,"A"
0.796,0.47,"A"
0.857,0.51,"A"
0.799,0.48,"A"
0.851,0.51,"A"
0.825,0.48,"A"
0.834,0.49,"A"
0.838,0.5,"A"
0.833,0.5,"A"
0.881,0.53,"A"
0.878,0.52,"A"
0.697,0.41,"A"
0.7,0.42,"A"
0.624,0.37,"A"
0.722,0.43,"A"
0.764,0.45,"A"
0.83,0.49,"A"
0.875,0.51,"A"
0.858,0.5,"A"
0.829,0.48,"A"
0.807,0.48,"A"
0.867,0.52,"A"
0.834,0.5,"A"
0.864,0.51,"A"
0.837,0.5,"A"
0.845,0.51,"A"
0.843,0.51,"A"
0.807,0.47,"A"
0.688,0.43,"A"
0.638,0.41,"A"
0.584,0.38,"A"
0.512,0.34,"B"
0.823,0.5,"B"
0.817,0.49,"B"
0.79,0.47,"B"
0.826,0.49,"B"
0.831,0.5,"B"
0.529,0.35,"B"
0.539,0.37,"B"
0.466,0.31,"B"
0.451,0.3,"B"
0.438,0.29,"B"
0.416,0.28,"B"
0.427,0.29,"B"
0.405,0.27,"B"
0.431,0.29,"B"
0.44,0.3,"B"
0.553,0.37,"B"
0.597,0.4,"B"
0.626,0.41,"B"
0.615,0.4,"B"
0.54,0.36,"B"
0.544,0.36,"B"
0.821,0.49,"B"
0.823,0.48,"B"
0.792,0.47,"B"
0.805,0.48,"B"
0.807,0.49,"B"
0.89,0.55,"B"
0.904,0.55,"B"
0.784,0.49,"B"
0.866,0.52,"B"
0.838,0.5,"B"
0.856,0.51,"B"
0.923,0.55,"B"
0.859,0.52,"B"
0.618,0.38,"B"
0.529,0.36,"B"
0.586,0.39,"B"
0.586,0.4,"B"
0.566,0.38,"B"
0.549,0.37,"B"
0.516,0.33,"B"
0.806,0.47,"B"
0.504,0.33,"B"
0.84,0.51,"B"
0.751,0.46,"B"
0.596,0.37,"B"
0.595,0.38,"B"
0.64,0.41,"B"
0.701,0.45,"B"
0.56,0.36,"B"
0.823,0.5,"B"
0.824,0.5,"B"
0.874,0.52,"B"
0.865,0.52,"B"
0.939,0.56,"B"
0.795,0.47,"B"
0.838,0.5,"B"
0.791,0.48,"B"
0.763,0.48,"B"
0.596,0.38,"B"
0.569,0.36,"B"
0.754,0.46,"B"
0.749,0.46,"B"
0.838,0.5,"B"
0.887,0.53,"B"
0.889,0.53,"B"
0.838,0.5,"B"
0.831,0.49,"B"
0.833,0.49,"B"
0.857,0.51,"B"
0.683,0.43,"B"
0.873,0.53,"B"
0.838,0.52,"B"
0.861,0.52,"B"
0.83,0.49,"B"
0.914,0.54,"B"
0.932,0.54,"B"
0.936,0.55,"B"
0.806,0.49,"B"
0.802,0.49,"B"
0.744,0.46,"B"
0.68,0.42,"B"
0.764,0.47,"B"
0.761,0.46,"B"
0.8,0.49,"B"
0.838,0.51,"B"
0.899,0.54,"B"
0.85,0.51,"B"
0.858,0.52,"B"
0.946,0.57,"B"
0.799,0.48,"B"
0.838,0.5,"B"
0.825,0.49,"B"
0.75,0.44,"B"
0.89,0.54,"B"
0.904,0.54,"B"
0.844,0.51,"B"
0.806,0.49,"B"
0.688,0.42,"B"
0.819,0.49,"B"
0.811,0.48,"B"
0.868,0.52,"B"
0.871,0.52,"B"
0.827,0.5,"B"
0.855,0.51,"B"
0.838,0.5,"B"
0.827,0.5,"B"
0.789,0.48,"B"
0.749,0.47,"B"
0.734,0.46,"B"
0.809,0.5,"B"
0.874,0.52,"B"
0.862,0.51,"B"
0.715,0.43,"B"
0.822,0.49,"B"
0.731,0.46,"B"
0.722,0.46,"B"
0.68,0.43,"B"
0.697,0.45,"B"
0.707,0.41,"B"
0.787,0.47,"B"
0.857,0.51,"B"
0.828,0.5,"B"
0.796,0.48,"B"
0.83,0.5,"B"
0.831,0.5,"B"
0.838,0.5,"B"
0.829,0.5,"B"
0.843,0.5,"B"
0.823,0.49,"B"
0.806,0.47,"B"
0.823,0.49,"B"
0.837,0.51,"B"
0.851,0.52,"B"
0.661,0.42,"B"
0.664,0.43,"B"
0.643,0.41,"B"
0.62,0.4,"B"
0.485,0.31,"B"
0.429,0.29,"C"
0.416,0.28,"C"
0.393,0.26,"C"
0.42,0.27,"A"
0.463,0.31,"B"
0.639,0.42,"B"
0.741,0.47,"B"
0.838,0.5,"B"
0.875,0.52,"B"
0.863,0.52,"B"
0.869,0.52,"B"
0.857,0.51,"B"
0.901,0.53,"B"
0.886,0.53,"B"
0.849,0.5,"B"
0.87,0.51,"B"
0.862,0.51,"B"
0.885,0.52,"B"
0.835,0.5,"B"
0.859,0.52,"B"
0.861,0.52,"B"
0.783,0.49,"B"
0.783,0.48,"B"
0.863,0.51,"B"
0.87,0.52,"B"
0.888,0.53,"B"
0.859,0.52,"B"
0.873,0.52,"B"
0.874,0.52,"B"
0.87,0.52,"B"
0.902,0.54,"B"
0.885,0.52,"B"
0.89,0.52,"B"
0.834,0.49,"B"
0.838,0.5,"B"
0.84,0.51,"B"
0.855,0.52,"B"
0.845,0.51,"B"
0.834,0.5,"B"
0.89,0.53,"B"
0.859,0.52,"B"
0.777,0.46,"B"
0.721,0.44,"B"
0.865,0.51,"B"
0.878,0.52,"B"
0.864,0.52,"B"
0.872,0.52,"B"
0.835,0.5,"B"
0.904,0.54,"B"
0.839,0.5,"B"
0.917,0.54,"B"
0.803,0.49,"B"
0.812,0.5,"B"
0.692,0.44,"B"
0.762,0.47,"B"
0.889,0.54,"B"
0.853,0.51,"B"
0.888,0.52,"B"
0.89,0.53,"B"
0.89,0.53,"B"
0.843,0.5,"B"
0.873,0.52,"B"
0.847,0.5,"B"
0.883,0.53,"B"
0.833,0.51,"B"
0.843,0.49,"B"
0.826,0.48,"B"
0.755,0.44,"B"
0.771,0.45,"B"
0.781,0.46,"B"
0.852,0.51,"B"
0.887,0.53,"B"
0.838,0.51,"B"
0.845,0.52,"B"
0.838,0.5,"B"
0.817,0.48,"B"
0.89,0.53,"B"
0.84,0.5,"B"
0.88,0.53,"B"
0.851,0.51,"B"
0.76,0.46,"B"
0.814,0.48,"B"
0.876,0.51,"B"
0.889,0.52,"B"
0.889,0.54,"B"
0.856,0.51,"B"
0.868,0.52,"B"
0.891,0.53,"B"
0.852,0.51,"B"
0.816,0.49,"B"
0.696,0.43,"B"
0.721,0.42,"C"
0.61,0.36,"B"
0.757,0.43,"B"
0.758,0.44,"B"
0.659,0.39,"B"
0.763,0.46,"B"
0.78,0.48,"B"
0.749,0.45,"B"
0.769,0.46,"B"
0.824,0.5,"B"
0.841,0.51,"B"
0.889,0.53,"B"
0.877,0.53,"B"
0.885,0.53,"B"
0.726,0.43,"B"
0.432,0.3,"A"
0.413,0.28,"A"
0.781,0.48,"B"
0.862,0.52,"B"
0.787,0.48,"B"
0.851,0.51,"B"
0.838,0.49,"B"
0.786,0.46,"B"
0.793,0.47,"B"
0.472,0.3,"A"
0.379,0.26,"A"
0.398,0.27,"B"
0.39,0.28,"B"
0.505,0.31,"C"
0.599,0.39,"B"
0.653,0.42,"B"
0.73,0.46,"B"
0.891,0.54,"B"
0.876,0.54,"B"
0.82,0.49,"B"
0.838,0.51,"B"
0.842,0.51,"B"
0.838,0.5,"B"
0.815,0.48,"B"
0.614,0.4,"B"
0.453,0.31,"B"
0.856,0.5,"B"
0.833,0.48,"B"
0.663,0.42,"B"
0.539,0.37,"B"
0.504,0.36,"B"
0.471,0.3,"C"
0.61,0.38,"C"
0.437,0.3,"A"
0.864,0.52,"B"
0.84,0.51,"B"
0.4,0.27,"B"
0.445,0.3,"C"
0.441,0.29,"B"
0.707,0.43,"C"
0.679,0.41,"C"
0.701,0.42,"C"
0.749,0.44,"C"
0.819,0.51,"B"
0.838,0.52,"B"
0.741,0.45,"B"
0.774,0.47,"B"
0.807,0.48,"B"
0.85,0.5,"B"
0.845,0.5,"B"
0.717,0.43,"B"
0.686,0.42,"B"
0.857,0.51,"B"
0.853,0.52,"B"
0.838,0.52,"B"
0.799,0.5,"B"
0.574,0.34,"B"
0.596,0.36,"B"
0.624,0.38,"B"
0.507,0.32,"B"
0.896,0.54,"B"
0.818,0.5,"B"
0.757,0.47,"B"
0.646,0.41,"B"
0.8,0.5,"B"
0.797,0.5,"B"
0.719,0.46,"B"
0.665,0.42,"B"
0.741,0.45,"B"
0.656,0.42,"B"
0.847,0.52,"B"
0.89,0.53,"B"
0.838,0.51,"B"
0.846,0.51,"B"
0.819,0.5,"B"
0.597,0.38,"B"
0.855,0.52,"B"
0.769,0.46,"B"
0.818,0.49,"B"
0.851,0.5,"B"
0.813,0.48,"B"
0.838,0.51,"B"
0.86,0.52,"B"
0.719,0.45,"B"
0.717,0.45,"B"
0.624,0.4,"B"
0.881,0.53,"B"
0.833,0.5,"B"
0.844,0.5,"B"
0.834,0.5,"B"
0.838,0.52,"B"
0.8,0.5,"B"
0.838,0.52,"B"
0.68,0.43,"B"
0.709,0.45,"B"
0.617,0.41,"B"
0.623,0.42,"B"
0.656,0.44,"B"
0.699,0.46,"B"
0.701,0.46,"B"
0.702,0.46,"B"
0.579,0.39,"B"
0.58,0.4,"B"
0.639,0.42,"B"
0.685,0.44,"B"
0.759,0.47,"B"
0.72,0.45,"B"
0.544,0.38,"B"
0.531,0.37,"B"
0.658,0.43,"B"
0.646,0.43,"B"
0.638,0.42,"B"
0.635,0.42,"B"
0.574,0.39,"A"
0.576,0.38,"A"
0.542,0.36,"A"
0.559,0.36,"A"
0.62,0.4,"A"
0.65,0.42,"A"
0.66,0.43,"A"
0.621,0.41,"A"
0.454,0.3,"C"
0.45,0.29,"C"
0.419,0.26,"C"
0.465,0.3,"A"
0.749,0.46,"B"
0.664,0.42,"B"
0.635,0.4,"B"
0.511,0.34,"B"
0.446,0.3,"B"
0.425,0.29,"B"
0.387,0.28,"C"
0.397,0.29,"B"
0.524,0.36,"B"
0.624,0.42,"B"
0.712,0.45,"B"
0.707,0.45,"B"
0.851,0.51,"B"
0.841,0.5,"B"
0.831,0.5,"B"
0.704,0.45,"B"
0.744,0.47,"B"
0.834,0.5,"B"
0.846,0.51,"B"
0.838,0.5,"B"
0.877,0.53,"B"
0.819,0.49,"B"
0.832,0.48,"B"
0.854,0.5,"B"
0.846,0.5,"B"
0.755,0.47,"B"
0.43,0.28,"B"
0.653,0.42,"B"
0.822,0.5,"B"
0.857,0.51,"B"
0.868,0.5,"B"
0.838,0.49,"B"
0.824,0.48,"B"
0.804,0.47,"B"
0.838,0.51,"B"
0.459,0.31,"C"
0.378,0.26,"C"
0.656,0.42,"B"
0.717,0.45,"B"
0.669,0.42,"B"
0.789,0.5,"B"
0.885,0.52,"B"
0.852,0.51,"B"
0.857,0.52,"B"
0.862,0.51,"B"
0.838,0.51,"B"
0.844,0.51,"B"
0.856,0.51,"B"
0.767,0.46,"B"
0.775,0.47,"B"
0.816,0.49,"B"
0.802,0.49,"B"
0.844,0.51,"B"
0.849,0.5,"B"
0.818,0.48,"B"
0.838,0.5,"B"
0.732,0.45,"B"
0.751,0.46,"B"
0.839,0.5,"B"
0.708,0.42,"B"
0.838,0.5,"B"
0.814,0.48,"B"
0.867,0.52,"B"
0.855,0.52,"B"
0.786,0.48,"B"
0.796,0.49,"B"
0.828,0.49,"B"
0.608,0.37,"B"
0.812,0.48,"B"
0.89,0.52,"B"
0.817,0.49,"B"
0.809,0.5,"B"
0.751,0.48,"B"
0.77,0.48,"B"
0.776,0.48,"B"
0.412,0.28,"B"
0.429,0.3,"B"
0.437,0.3,"B"
0.454,0.31,"B"
0.436,0.3,"B"
0.861,0.51,"B"
0.712,0.46,"B"
0.712,0.46,"B"
0.689,0.45,"B"
0.661,0.43,"B"
0.615,0.41,"B"
0.596,0.4,"B"
0.564,0.39,"B"
0.53,0.37,"B"
0.476,0.33,"A"
0.465,0.33,"A"
0.51,0.36,"B"
0.7,0.43,"B"
0.733,0.44,"B"
0.848,0.5,"B"
0.885,0.52,"B"
0.858,0.51,"B"
0.81,0.48,"B"
0.824,0.48,"B"
0.879,0.52,"B"
0.458,0.33,"B"
0.502,0.35,"B"
0.649,0.43,"B"
0.771,0.48,"B"
0.83,0.49,"B"
0.859,0.51,"B"
0.871,0.52,"B"
0.811,0.49,"B"
0.803,0.49,"B"
0.765,0.47,"B"
0.74,0.46,"B"
0.724,0.46,"B"
0.549,0.38,"B"
0.562,0.39,"B"
0.89,0.52,"B"
0.871,0.51,"B"
0.882,0.52,"B"
0.873,0.52,"B"
0.872,0.52,"B"
0.853,0.52,"B"
0.838,0.51,"B"
0.778,0.47,"B"
0.851,0.51,"B"
0.866,0.52,"B"
0.86,0.51,"B"
0.829,0.5,"B"
0.783,0.48,"B"
0.79,0.5,"B"
0.846,0.52,"B"
0.704,0.45,"B"
0.727,0.46,"B"
0.827,0.51,"B"
0.847,0.52,"B"
0.835,0.51,"B"
0.875,0.53,"B"
0.881,0.53,"B"
0.832,0.5,"B"
0.82,0.49,"B"
0.872,0.52,"B"
0.783,0.5,"B"
0.703,0.45,"B"
0.689,0.44,"B"
0.771,0.48,"B"
0.864,0.52,"B"
0.941,0.55,"B"
0.93,0.55,"B"
0.854,0.51,"B"
0.829,0.5,"B"
0.82,0.5,"B"
0.823,0.5,"B"
0.884,0.53,"B"
0.867,0.53,"B"
0.834,0.51,"B"
0.803,0.48,"B"
0.796,0.49,"B"
0.861,0.53,"B"
0.838,0.5,"B"
0.711,0.45,"B"
0.606,0.4,"B"
0.607,0.4,"B"
0.552,0.36,"B"
0.77,0.47,"B"
0.756,0.46,"B"
0.733,0.46,"B"
0.692,0.44,"B"
0.653,0.41,"B"
0.522,0.33,"B"
0.618,0.41,"B"
0.572,0.39,"B"
0.561,0.38,"B"
0.511,0.35,"B"
0.781,0.48,"B"
0.809,0.49,"B"
0.89,0.53,"B"
0.661,0.42,"B"
0.858,0.52,"B"
0.852,0.51,"B"
0.874,0.52,"B"
0.862,0.51,"B"
0.89,0.53,"B"
0.875,0.52,"B"
0.872,0.53,"B"
0.871,0.53,"B"
0.859,0.52,"B"
0.685,0.45,"B"
0.57,0.39,"B"
0.594,0.4,"B"
0.625,0.41,"B"
0.679,0.44,"B"
0.67,0.44,"B"
0.699,0.45,"B"
0.46,0.31,"B"
0.759,0.47,"B"
0.656,0.41,"B"
0.773,0.48,"B"
0.806,0.5,"B"
0.808,0.51,"B"
0.834,0.5,"B"
0.9,0.53,"B"
0.917,0.55,"B"
0.949,0.57,"B"
0.9,0.55,"B"
0.86,0.52,"B"
0.884,0.54,"B"
0.582,0.41,"B"
0.642,0.43,"B"
0.86,0.51,"B"
0.847,0.51,"B"
0.859,0.52,"B"
0.893,0.53,"B"
0.89,0.53,"B"
0.888,0.53,"B"
0.895,0.54,"B"
0.838,0.5,"B"
0.827,0.49,"B"
0.935,0.56,"B"
0.917,0.55,"B"
0.682,0.44,"B"
0.67,0.44,"B"
0.83,0.52,"B"
0.804,0.49,"B"
0.84,0.51,"B"
0.847,0.51,"B"
0.87,0.53,"B"
0.41,0.28,"B"
0.411,0.28,"A"
0.415,0.29,"B"
0.409,0.29,"A"
0.461,0.33,"A"
0.388,0.28,"A"
0.329,0.25,"C"
0.407,0.29,"B"
0.448,0.32,"A"
0.437,0.31,"A"
0.45,0.32,"A"
0.46,0.32,"A"
0.479,0.34,"A"
0.55,0.38,"A"
0.79,0.47,"A"
0.731,0.43,"A"
0.686,0.4,"A"
0.642,0.37,"A"
0.635,0.37,"A"
0.653,0.38,"A"
0.59,0.35,"A"
0.578,0.34,"A"
0.61,0.36,"A"
0.621,0.36,"B"
0.584,0.35,"B"
0.66,0.4,"A"
0.651,0.4,"A"
0.588,0.35,"B"
0.69,0.4,"A"
0.669,0.4,"A"
0.549,0.33,"B"
0.54,0.32,"B"
0.532,0.32,"B"
0.546,0.33,"A"
0.595,0.36,"A"
0.622,0.38,"A"
0.648,0.4,"A"
0.581,0.36,"A"
0.516,0.32,"B"
0.683,0.42,"B"
0.738,0.45,"B"
0.81,0.49,"B"
0.817,0.5,"B"
0.878,0.52,"B"
0.876,0.52,"B"
0.878,0.52,"B"
0.831,0.49,"B"
0.86,0.51,"B"
0.865,0.51,"B"
0.838,0.49,"B"
0.732,0.43,"B"
0.806,0.48,"B"
0.701,0.43,"B"
0.759,0.47,"B"
0.781,0.48,"B"
0.778,0.47,"B"
0.799,0.48,"B"
0.711,0.43,"B"
0.841,0.5,"B"
0.812,0.49,"B"
0.875,0.53,"B"
0.883,0.53,"B"
0.835,0.5,"B"
0.838,0.5,"B"
0.871,0.51,"B"
0.855,0.5,"B"
0.856,0.5,"B"
0.724,0.45,"B"
0.725,0.45,"B"
0.746,0.45,"B"
0.769,0.47,"B"
0.849,0.51,"B"
0.89,0.53,"B"
0.895,0.53,"B"
0.874,0.52,"B"
0.89,0.53,"B"
0.841,0.5,"B"
0.755,0.45,"B"
0.778,0.47,"B"
0.829,0.5,"B"
0.813,0.49,"B"
0.818,0.49,"B"
0.791,0.47,"B"
0.831,0.5,"B"
0.869,0.51,"B"
0.881,0.52,"B"
0.877,0.52,"B"
0.882,0.53,"B"
0.895,0.54,"B"
0.91,0.55,"B"
0.893,0.54,"B"
0.889,0.53,"B"
0.882,0.53,"B"
0.873,0.52,"B"
0.89,0.54,"B"
0.839,0.51,"B"
0.82,0.5,"B"
0.774,0.47,"B"
0.768,0.47,"B"
0.785,0.48,"B"
0.843,0.5,"B"
0.768,0.46,"B"
0.857,0.52,"B"
0.895,0.54,"B"
0.879,0.53,"B"
0.875,0.52,"B"
0.908,0.55,"B"
0.956,0.58,"B"
0.86,0.52,"B"
0.806,0.48,"B"
0.814,0.49,"B"
0.89,0.54,"B"
0.844,0.51,"B"
0.852,0.51,"B"
0.869,0.51,"B"
0.884,0.52,"B"
0.87,0.52,"B"
0.876,0.52,"B"
0.849,0.5,"B"
0.902,0.54,"B"
0.838,0.5,"B"
0.88,0.52,"B"
0.865,0.52,"B"
0.611,0.38,"B"
0.882,0.53,"B"
0.89,0.53,"B"
0.865,0.52,"B"
0.932,0.56,"B"
0.914,0.55,"B"
0.889,0.53,"B"
0.89,0.53,"B"
0.838,0.5,"B"
0.883,0.53,"B"
0.892,0.54,"B"
0.892,0.54,"B"
0.849,0.51,"B"
0.869,0.52,"B"
0.897,0.54,"B"
0.898,0.55,"B"
0.883,0.53,"B"
0.873,0.53,"B"
0.526,0.34,"B"
0.463,0.3,"B"
0.549,0.36,"B"
0.549,0.36,"B"
0.577,0.37,"C"
0.561,0.36,"C"
0.539,0.37,"B"
0.435,0.29,"C"
0.516,0.34,"C"
0.524,0.34,"C"
0.535,0.35,"C"
0.568,0.37,"C"
0.482,0.31,"C"
0.473,0.29,"B"
0.606,0.37,"C"
0.483,0.3,"B"
0.591,0.37,"B"
0.61,0.38,"B"
0.89,0.53,"B"
0.772,0.46,"B"
0.817,0.49,"B"
0.838,0.5,"B"
0.812,0.48,"B"
0.818,0.49,"B"
0.799,0.48,"B"
0.838,0.5,"B"
0.808,0.48,"B"
0.815,0.49,"B"
0.78,0.46,"B"
0.831,0.49,"B"
0.822,0.48,"B"
0.787,0.47,"B"
0.764,0.46,"B"
0.613,0.38,"B"
0.789,0.47,"B"
0.814,0.49,"B"
0.795,0.48,"B"
0.794,0.48,"B"
0.733,0.47,"B"
0.586,0.39,"B"
0.543,0.36,"B"
0.567,0.39,"B"
0.54,0.35,"C"
0.717,0.43,"B"
0.86,0.52,"B"
0.843,0.51,"B"
0.883,0.53,"B"
0.902,0.54,"B"
0.876,0.53,"B"
0.822,0.49,"B"
0.756,0.46,"B"
0.734,0.45,"B"
0.753,0.46,"B"
0.588,0.4,"B"
0.32,0.25,"C"
0.313,0.25,"C"
0.472,0.34,"A"
0.349,0.27,"A"
0.362,0.28,"A"
0.375,0.3,"A"
0.319,0.25,"A"
0.312,0.25,"C"
0.396,0.31,"B"
0.374,0.27,"B"
0.4,0.29,"B"
0.411,0.31,"B"
0.388,0.3,"B"
0.445,0.34,"B"
0.464,0.35,"B"
0.47,0.35,"B"
0.467,0.34,"B"
0.458,0.34,"B"
0.488,0.36,"B"
0.466,0.34,"B"
0.489,0.36,"B"
0.494,0.32,"B"
0.496,0.32,"B"
0.475,0.29,"C"
0.46,0.29,"B"
0.949,0.56,"B"
0.813,0.49,"B"
0.838,0.5,"B"
0.853,0.51,"B"
0.868,0.52,"B"
0.832,0.5,"B"
0.921,0.56,"B"
0.978,0.58,"B"
0.862,0.51,"B"
0.888,0.53,"B"
0.87,0.52,"B"
0.839,0.5,"B"
0.751,0.46,"B"
0.624,0.37,"A"
0.538,0.32,"A"
0.539,0.32,"A"
0.526,0.32,"A"
0.804,0.48,"B"
0.797,0.49,"B"
0.749,0.45,"B"
0.806,0.49,"B"
0.745,0.45,"B"
0.586,0.38,"B"
0.765,0.47,"B"
0.851,0.49,"B"
0.838,0.49,"B"
0.855,0.51,"B"
0.869,0.52,"B"
0.879,0.54,"B"
0.726,0.46,"B"
0.512,0.35,"B"
0.421,0.3,"C"
0.63,0.42,"B"
0.373,0.27,"A"
0.433,0.33,"B"
0.407,0.31,"B"
0.337,0.27,"B"
0.407,0.31,"B"
0.443,0.33,"B"
0.829,0.5,"B"
0.866,0.52,"B"
0.89,0.53,"B"
0.84,0.51,"B"
0.677,0.44,"B"
0.821,0.49,"B"
0.89,0.53,"B"
0.82,0.48,"B"
0.852,0.51,"B"
0.89,0.53,"B"
0.698,0.44,"B"
0.841,0.5,"B"
0.873,0.51,"B"
0.838,0.5,"B"
0.807,0.48,"B"
0.836,0.5,"B"
0.839,0.5,"B"
0.815,0.49,"B"
0.862,0.51,"B"
0.796,0.47,"B"
0.736,0.46,"B"
0.753,0.46,"B"
0.72,0.44,"B"
0.852,0.51,"B"
0.84,0.5,"B"
0.806,0.49,"B"
0.801,0.49,"B"
0.821,0.5,"B"
0.779,0.47,"B"
0.838,0.49,"B"
0.816,0.49,"B"
0.838,0.5,"B"
0.831,0.49,"B"
0.838,0.5,"B"
0.921,0.55,"B"
0.869,0.52,"B"
0.866,0.52,"B"
0.858,0.51,"B"
0.816,0.49,"B"
0.602,0.4,"B"
0.625,0.42,"B"
0.63,0.42,"B"
0.602,0.4,"B"
0.843,0.5,"B"
0.872,0.52,"B"
0.883,0.52,"B"
0.881,0.52,"B"
0.878,0.52,"B"
0.798,0.49,"B"
0.784,0.48,"B"
0.756,0.46,"B"
0.748,0.46,"B"
0.776,0.49,"B"
0.644,0.43,"B"
0.878,0.53,"B"
0.84,0.5,"B"
0.838,0.5,"B"
0.814,0.49,"B"
0.87,0.52,"B"
0.859,0.52,"B"
0.963,0.57,"B"
0.928,0.55,"B"
0.844,0.51,"B"
0.847,0.51,"B"
0.875,0.52,"B"
0.905,0.54,"B"
0.876,0.52,"B"
0.862,0.52,"B"
0.838,0.5,"B"
0.815,0.49,"B"
0.867,0.53,"B"
0.887,0.53,"B"
0.895,0.54,"B"
0.863,0.52,"B"
0.889,0.54,"B"
0.39,0.26,"D"
0.538,0.32,"C"
0.562,0.34,"B"
0.661,0.38,"C"
0.752,0.47,"B"
0.838,0.5,"B"
0.793,0.47,"B"
0.77,0.44,"B"
0.845,0.5,"B"
0.848,0.5,"B"
0.815,0.48,"B"
0.867,0.51,"B"
0.898,0.53,"B"
0.546,0.34,"C"
0.468,0.32,"B"
0.838,0.52,"B"
0.861,0.51,"B"
0.445,0.29,"C"
0.64,0.4,"C"
0.739,0.46,"C"
0.619,0.37,"C"
0.612,0.36,"C"
0.512,0.31,"C"
0.584,0.36,"C"
0.693,0.44,"C"
0.73,0.45,"C"
0.706,0.43,"C"
0.674,0.43,"C"
0.632,0.4,"C"
0.765,0.47,"C"
0.862,0.52,"C"
0.825,0.49,"C"
0.854,0.51,"C"
0.868,0.51,"C"
0.834,0.49,"C"
0.817,0.49,"C"
0.839,0.52,"C"
0.775,0.47,"C"
0.774,0.48,"C"
0.828,0.5,"C"
0.811,0.49,"C"
0.835,0.51,"C"
0.812,0.49,"C"
0.873,0.52,"C"
0.871,0.52,"C"
0.88,0.52,"C"
0.868,0.52,"C"
0.867,0.52,"C"
0.862,0.52,"C"
0.875,0.52,"C"
0.848,0.51,"C"
0.832,0.5,"C"
0.848,0.51,"C"
0.877,0.53,"C"
0.892,0.53,"C"
0.851,0.51,"C"
0.863,0.51,"C"
0.809,0.49,"C"
0.808,0.49,"C"
0.855,0.53,"C"
0.758,0.48,"C"
0.749,0.46,"C"
0.735,0.45,"C"
0.823,0.49,"C"
0.889,0.53,"C"
0.822,0.49,"C"
0.827,0.49,"C"
0.836,0.5,"C"
0.815,0.49,"C"
0.778,0.47,"C"
0.613,0.4,"C"
0.72,0.46,"C"
0.679,0.43,"C"
0.706,0.45,"C"
0.709,0.44,"C"
0.771,0.47,"C"
0.802,0.49,"C"
0.844,0.52,"C"
0.882,0.52,"C"
0.875,0.53,"C"
0.801,0.49,"C"
0.775,0.48,"C"
0.749,0.47,"C"
0.685,0.44,"C"
0.703,0.46,"C"
0.684,0.44,"C"
0.69,0.44,"C"
0.665,0.42,"C"
0.666,0.42,"C"
0.734,0.45,"C"
0.848,0.51,"C"
0.827,0.5,"C"
0.718,0.44,"C"
0.716,0.45,"C"
0.741,0.47,"C"
0.658,0.42,"C"
0.617,0.4,"C"
0.649,0.41,"C"
0.889,0.53,"C"
0.789,0.49,"C"
0.767,0.47,"C"
0.703,0.44,"C"
0.73,0.46,"C"
0.702,0.45,"C"
0.647,0.43,"C"
0.671,0.44,"C"
0.643,0.4,"C"
0.777,0.48,"C"
0.498,0.31,"A"
0.477,0.3,"A"
0.725,0.45,"C"
0.608,0.39,"C"
0.724,0.46,"C"
0.742,0.47,"C"
0.742,0.46,"C"
0.766,0.46,"C"
0.803,0.48,"C"
0.839,0.5,"C"
0.889,0.53,"C"
0.61,0.37,"C"
0.626,0.38,"C"
0.718,0.44,"C"
0.846,0.51,"C"
0.84,0.5,"C"
0.827,0.5,"C"
0.842,0.51,"C"
0.839,0.51,"C"
0.86,0.52,"C"
0.836,0.49,"C"
0.82,0.5,"C"
0.775,0.49,"C"
0.791,0.47,"C"
0.872,0.52,"C"
0.765,0.46,"C"
0.566,0.35,"C"
0.564,0.35,"C"
0.5,0.32,"C"
0.525,0.35,"C"
0.611,0.4,"C"
0.625,0.42,"C"
0.598,0.36,"C"
0.624,0.38,"C"
0.682,0.41,"C"
0.713,0.43,"C"
0.816,0.49,"C"
0.846,0.5,"C"
0.864,0.51,"C"
0.845,0.51,"C"
0.826,0.5,"C"
0.828,0.5,"C"
0.854,0.51,"C"
0.858,0.51,"C"
0.839,0.5,"C"
0.811,0.49,"C"
0.804,0.48,"C"
0.723,0.43,"C"
0.717,0.43,"C"
0.751,0.45,"C"
0.789,0.44,"C"
0.843,0.51,"C"
0.731,0.44,"C"
0.882,0.52,"C"
0.828,0.5,"C"
0.778,0.47,"C"
0.902,0.53,"C"
0.889,0.53,"C"
0.889,0.53,"C"
0.937,0.55,"C"
0.909,0.53,"C"
0.837,0.5,"C"
0.823,0.49,"C"
0.858,0.51,"C"
0.887,0.53,"C"
0.864,0.52,"C"
0.859,0.52,"C"
0.839,0.5,"C"
0.81,0.48,"C"
0.865,0.52,"C"
0.879,0.53,"C"
0.692,0.44,"C"
0.839,0.51,"C"
0.851,0.51,"C"
0.697,0.44,"C"
0.816,0.49,"C"
0.847,0.51,"C"
0.832,0.5,"C"
0.846,0.5,"C"
0.692,0.42,"C"
0.806,0.48,"C"
0.802,0.48,"C"
0.816,0.49,"C"
0.879,0.53,"C"
0.849,0.52,"C"
0.837,0.5,"C"
0.839,0.5,"C"
0.839,0.5,"C"
0.83,0.48,"C"
0.821,0.48,"C"
0.809,0.48,"C"
0.737,0.45,"C"
0.667,0.42,"C"
0.555,0.36,"C"
0.564,0.36,"C"
0.877,0.52,"C"
0.823,0.48,"C"
0.829,0.49,"C"
0.798,0.47,"C"
0.804,0.48,"C"
0.81,0.49,"C"
0.837,0.51,"C"
0.854,0.52,"C"
0.839,0.51,"C"
0.89,0.53,"C"
0.842,0.5,"C"
0.874,0.52,"C"
0.864,0.52,"C"
0.825,0.5,"C"
0.479,0.32,"C"
0.506,0.35,"C"
0.577,0.39,"C"
0.564,0.39,"C"
0.773,0.48,"C"
0.75,0.47,"C"
0.692,0.43,"C"
0.794,0.49,"C"
0.843,0.52,"C"
0.889,0.54,"C"
0.891,0.54,"C"
0.902,0.54,"C"
0.894,0.53,"C"
0.91,0.54,"C"
0.887,0.53,"C"
0.895,0.54,"C"
0.957,0.56,"C"
0.833,0.5,"C"
0.835,0.5,"C"
0.833,0.51,"C"
0.689,0.44,"C"
0.642,0.42,"C"
0.539,0.36,"C"
0.582,0.38,"C"
0.674,0.43,"C"
0.795,0.48,"C"
0.841,0.51,"C"
0.784,0.48,"C"
0.824,0.5,"C"
0.768,0.48,"C"
0.753,0.47,"C"
0.74,0.47,"C"
0.677,0.43,"C"
0.669,0.43,"C"
0.742,0.47,"C"
0.87,0.52,"C"
0.79,0.49,"C"
0.644,0.42,"C"
0.694,0.44,"C"
0.755,0.48,"C"
0.599,0.4,"C"
0.831,0.5,"C"
0.693,0.43,"C"
0.908,0.53,"C"
0.894,0.54,"C"
0.957,0.57,"C"
0.836,0.5,"C"
0.849,0.52,"C"
0.828,0.49,"C"
0.82,0.5,"C"
0.803,0.48,"C"
0.796,0.49,"C"
0.889,0.54,"C"
0.886,0.53,"C"
0.868,0.51,"C"
0.573,0.39,"C"
0.783,0.48,"C"
0.769,0.47,"C"
0.719,0.45,"C"
0.732,0.46,"C"
0.889,0.53,"C"
0.9,0.53,"C"
0.682,0.44,"C"
0.816,0.49,"C"
0.828,0.49,"C"
0.883,0.53,"C"
0.83,0.5,"C"
0.669,0.44,"C"
0.816,0.49,"C"
0.49,0.34,"C"
0.719,0.45,"C"
0.391,0.27,"C"
0.736,0.45,"C"
0.785,0.46,"C"
0.737,0.46,"C"
0.808,0.48,"C"
0.733,0.46,"C"
0.815,0.49,"C"
0.928,0.55,"C"
0.94,0.55,"C"
0.91,0.53,"C"
0.636,0.41,"C"
0.782,0.48,"C"
0.845,0.5,"C"
0.872,0.51,"C"
0.829,0.49,"C"
0.827,0.49,"C"
0.777,0.47,"C"
0.77,0.48,"C"
0.799,0.48,"C"
0.824,0.49,"C"
0.852,0.52,"C"
0.723,0.45,"C"
0.73,0.45,"C"
0.787,0.48,"C"
0.798,0.48,"C"
0.724,0.43,"C"
0.754,0.45,"C"
0.874,0.52,"C"
0.825,0.5,"C"
0.832,0.51,"C"
0.897,0.53,"C"
0.787,0.48,"C"
0.792,0.48,"C"
0.651,0.42,"C"
0.603,0.39,"C"
0.616,0.39,"D"
0.552,0.34,"C"
0.782,0.47,"C"
0.696,0.42,"C"
0.839,0.5,"C"
0.818,0.49,"C"
0.669,0.43,"C"
0.758,0.48,"C"
0.798,0.49,"B"
0.742,0.47,"B"
0.723,0.46,"B"
0.685,0.44,"B"
0.699,0.45,"B"
0.606,0.36,"C"
0.734,0.42,"C"
0.851,0.49,"C"
0.825,0.48,"C"
0.82,0.49,"C"
0.818,0.48,"C"
0.64,0.44,"C"
0.661,0.45,"C"
0.493,0.36,"C"
0.499,0.36,"C"
0.533,0.38,"C"
0.585,0.41,"C"
0.879,0.53,"C"
0.877,0.52,"C"
0.919,0.55,"C"
0.892,0.53,"C"
0.822,0.49,"C"
0.556,0.39,"C"
0.457,0.33,"C"
0.615,0.41,"C"
0.772,0.46,"C"
0.747,0.46,"C"
0.784,0.47,"C"
0.817,0.49,"C"
0.808,0.5,"C"
0.747,0.45,"C"
0.781,0.48,"C"
0.771,0.48,"C"
0.739,0.46,"C"
0.724,0.46,"C"
0.678,0.44,"C"
0.602,0.42,"C"
0.595,0.41,"C"
0.642,0.44,"C"
0.598,0.41,"C"
0.587,0.4,"C"
0.677,0.45,"C"
0.663,0.41,"C"
0.609,0.38,"C"
0.541,0.33,"C"
0.56,0.35,"D"
0.408,0.28,"C"
0.433,0.31,"C"
0.43,0.31,"C"
0.69,0.45,"C"
0.766,0.49,"C"
0.778,0.49,"C"
0.759,0.47,"C"
0.782,0.49,"C"
0.725,0.45,"C"
0.69,0.43,"C"
0.725,0.46,"C"
0.527,0.37,"C"
0.464,0.33,"C"
0.473,0.35,"C"
0.563,0.41,"C"
0.794,0.53,"C"
0.878,0.53,"C"
0.829,0.5,"C"
0.747,0.47,"C"
0.66,0.43,"C"
0.656,0.42,"C"
0.635,0.42,"C"
0.502,0.36,"C"
0.417,0.31,"C"
0.462,0.33,"C"
0.798,0.48,"C"
0.889,0.52,"C"
0.839,0.51,"C"
0.833,0.49,"C"
0.681,0.42,"C"
0.627,0.4,"C"
0.63,0.41,"C"
0.538,0.35,"C"
0.494,0.35,"C"
0.595,0.36,"C"
0.683,0.42,"C"
0.732,0.45,"C"
0.759,0.46,"C"
0.825,0.49,"C"
0.817,0.48,"C"
0.826,0.49,"C"
0.692,0.43,"C"
0.629,0.4,"C"
0.699,0.44,"C"
0.679,0.43,"C"
0.583,0.38,"C"
0.537,0.35,"C"
0.558,0.35,"D"
0.667,0.39,"C"
0.682,0.41,"C"
0.782,0.47,"C"
0.518,0.35,"C"
0.519,0.35,"C"
0.564,0.4,"C"
0.505,0.38,"C"
0.475,0.36,"C"
0.429,0.34,"C"
0.507,0.39,"C"
0.573,0.42,"C"
0.63,0.44,"C"
0.582,0.41,"C"
0.496,0.34,"C"
0.518,0.36,"C"
0.461,0.32,"C"
0.455,0.31,"C"
0.456,0.35,"C"
0.497,0.38,"C"
0.635,0.41,"C"
0.683,0.44,"C"
0.811,0.49,"C"
0.839,0.5,"C"
0.678,0.42,"C"
0.63,0.4,"C"
0.46,0.31,"C"
0.445,0.33,"C"
0.718,0.46,"C"
0.844,0.51,"C"
0.831,0.5,"C"
0.725,0.46,"C"
0.571,0.37,"C"
0.605,0.4,"C"
0.642,0.43,"C"
0.754,0.49,"C"
0.733,0.49,"C"
0.737,0.5,"C"
0.695,0.48,"C"
0.345,0.26,"C"
0.601,0.41,"C"
0.407,0.29,"C"
0.422,0.29,"C"
0.455,0.32,"C"
0.457,0.31,"C"
0.532,0.36,"C"
0.542,0.36,"C"
0.624,0.41,"C"
0.804,0.5,"C"
0.753,0.43,"D"
0.656,0.4,"C"
0.797,0.47,"C"
0.813,0.48,"C"
0.803,0.47,"C"
0.764,0.45,"C"
0.751,0.45,"C"
0.891,0.53,"C"
0.695,0.41,"C"
0.666,0.4,"C"
0.513,0.34,"C"
0.66,0.43,"C"
0.65,0.42,"C"
0.629,0.4,"C"
0.601,0.37,"C"
0.572,0.35,"C"
0.524,0.33,"B"
0.46,0.3,"B"
0.474,0.32,"C"
0.422,0.28,"C"
0.409,0.27,"B"
0.458,0.3,"C"
0.603,0.38,"C"
0.588,0.35,"C"
0.523,0.32,"B"
0.545,0.39,"C"
0.526,0.37,"C"
0.628,0.42,"C"
0.65,0.43,"C"
0.734,0.46,"C"
0.695,0.44,"C"
0.673,0.44,"C"
0.655,0.43,"C"
0.663,0.44,"C"
0.702,0.45,"C"
0.73,0.45,"C"
0.816,0.51,"C"
0.797,0.5,"C"
0.789,0.49,"C"
0.614,0.39,"C"
0.533,0.34,"C"
0.545,0.34,"B"
0.562,0.35,"B"
0.625,0.38,"B"
0.582,0.37,"B"
0.405,0.28,"C"
0.427,0.31,"C"
0.429,0.32,"C"
0.488,0.36,"C"
0.481,0.35,"C"
0.492,0.36,"C"
0.529,0.36,"C"
0.548,0.38,"C"
0.548,0.38,"C"
0.593,0.4,"C"
0.673,0.45,"C"
0.651,0.44,"C"
0.657,0.44,"C"
0.616,0.41,"C"
0.622,0.42,"C"
0.621,0.41,"C"
0.594,0.39,"C"
0.667,0.44,"C"
0.589,0.39,"C"
0.644,0.43,"C"
0.556,0.37,"C"
0.565,0.38,"C"
0.501,0.34,"C"
0.509,0.35,"C"
0.447,0.32,"C"
0.427,0.31,"C"
0.416,0.31,"C"
0.389,0.29,"C"
0.369,0.27,"C"
0.423,0.31,"D"
0.418,0.3,"D"
0.434,0.31,"C"
0.598,0.42,"C"
0.539,0.39,"C"
0.544,0.39,"C"
0.52,0.38,"C"
0.485,0.36,"C"
0.446,0.33,"C"
0.424,0.32,"C"
0.41,0.3,"C"
0.384,0.28,"C"
0.387,0.29,"C"
0.359,0.27,"D"
0.358,0.26,"D"
0.44,0.32,"C"
0.422,0.31,"C"
0.395,0.29,"D"
0.407,0.29,"D"
0.472,0.33,"C"
0.501,0.36,"C"
0.495,0.36,"C"
0.511,0.38,"C"
0.521,0.38,"C"
0.542,0.38,"C"
0.503,0.37,"C"
0.523,0.38,"C"
0.513,0.37,"C"
0.494,0.36,"C"
0.498,0.36,"C"
0.526,0.38,"C"
0.445,0.33,"C"
0.384,0.29,"C"
0.476,0.35,"C"
0.484,0.35,"C"
0.394,0.29,"C"
0.411,0.3,"C"
0.392,0.29,"C"
0.369,0.28,"C"
0.409,0.3,"C"
0.411,0.3,"C"
0.501,0.36,"C"
0.452,0.33,"C"
0.452,0.34,"C"
0.462,0.35,"C"
0.443,0.33,"C"
0.481,0.36,"C"
0.421,0.32,"C"
0.568,0.4,"C"
0.462,0.34,"C"
0.419,0.31,"C"
0.461,0.34,"C"
0.465,0.34,"C"
0.546,0.39,"C"
0.587,0.42,"C"
0.445,0.33,"C"
0.464,0.35,"C"
0.445,0.34,"C"
0.456,0.35,"C"
0.651,0.45,"C"
0.603,0.42,"C"
0.547,0.39,"C"
0.54,0.39,"C"
0.497,0.37,"C"
0.446,0.33,"C"
0.444,0.33,"C"
0.459,0.34,"C"
0.528,0.38,"C"
0.562,0.41,"C"
0.583,0.42,"C"
0.536,0.38,"C"
0.507,0.37,"C"
0.475,0.35,"C"
0.407,0.31,"C"
0.403,0.31,"C"
0.441,0.33,"C"
0.438,0.32,"C"
0.492,0.36,"C"
0.596,0.42,"C"
0.559,0.39,"C"
0.543,0.38,"C"
0.554,0.39,"C"
0.487,0.35,"C"
0.464,0.34,"C"
0.454,0.33,"C"
0.475,0.34,"C"
0.548,0.4,"C"
0.497,0.37,"C"
0.477,0.36,"C"
0.457,0.35,"C"
0.449,0.34,"C"
0.457,0.34,"C"
0.434,0.33,"C"
0.441,0.34,"C"
0.433,0.33,"C"
0.549,0.38,"C"
0.607,0.43,"C"
0.554,0.41,"C"
0.587,0.43,"C"
0.704,0.49,"C"
0.611,0.44,"C"
0.631,0.44,"C"
0.526,0.38,"C"
0.565,0.39,"C"
0.573,0.41,"C"
0.558,0.4,"C"
0.526,0.35,"B"
0.515,0.34,"B"
0.5,0.33,"B"
0.631,0.41,"C"
0.646,0.42,"C"
0.716,0.46,"C"
0.481,0.33,"B"
0.473,0.33,"B"
0.426,0.3,"C"
0.508,0.35,"B"
0.536,0.35,"C"
0.592,0.38,"C"
0.591,0.38,"C"
0.546,0.35,"C"
0.433,0.3,"B"
0.835,0.5,"C"
0.916,0.54,"C"
0.877,0.53,"C"
0.796,0.48,"C"
0.778,0.48,"C"
0.763,0.47,"C"
0.74,0.46,"C"
0.83,0.51,"C"
0.863,0.52,"C"
0.864,0.51,"C"
0.827,0.49,"C"
0.791,0.47,"C"
0.78,0.46,"C"
0.805,0.48,"C"
0.809,0.48,"C"
0.848,0.5,"C"
0.873,0.52,"C"
0.85,0.51,"C"
0.858,0.51,"C"
0.792,0.48,"C"
0.783,0.47,"C"
0.741,0.45,"C"
0.709,0.44,"C"
0.609,0.4,"C"
0.581,0.38,"C"
0.592,0.39,"C"
0.604,0.4,"C"
0.545,0.37,"C"
0.505,0.34,"C"
0.657,0.43,"C"
0.646,0.42,"C"
0.818,0.51,"C"
0.859,0.53,"C"
0.817,0.49,"C"
0.83,0.5,"C"
0.841,0.51,"C"
0.862,0.51,"C"
0.851,0.51,"C"
0.84,0.5,"C"
0.826,0.49,"C"
0.839,0.5,"C"
0.867,0.51,"C"
0.846,0.51,"C"
0.869,0.52,"C"
0.848,0.51,"C"
0.841,0.5,"C"
0.849,0.51,"C"
0.85,0.51,"C"
0.852,0.51,"C"
0.837,0.5,"C"
0.816,0.49,"C"
0.821,0.49,"C"
0.867,0.51,"C"
0.826,0.49,"C"
0.814,0.48,"C"
0.808,0.49,"C"
0.834,0.5,"C"
0.811,0.49,"C"
0.782,0.48,"C"
0.812,0.49,"C"
0.792,0.48,"C"
0.764,0.47,"C"
0.835,0.5,"C"
0.864,0.52,"C"
0.839,0.5,"C"
0.824,0.49,"C"
0.835,0.49,"C"
0.834,0.5,"C"
0.806,0.48,"C"
0.863,0.52,"C"
0.861,0.51,"C"
0.847,0.5,"C"
0.855,0.51,"C"
0.839,0.5,"C"
0.777,0.47,"C"
0.84,0.51,"C"
0.813,0.49,"C"
0.777,0.47,"C"
0.828,0.5,"C"
0.822,0.49,"C"
0.824,0.49,"C"
0.834,0.5,"C"
0.838,0.5,"C"
0.85,0.51,"C"
0.805,0.49,"C"
0.806,0.49,"C"
0.827,0.49,"C"
0.865,0.52,"C"
0.856,0.51,"C"
0.832,0.5,"C"
0.837,0.5,"C"
0.794,0.48,"C"
0.781,0.47,"C"
0.765,0.46,"C"
0.801,0.48,"C"
0.823,0.49,"C"
0.863,0.52,"C"
0.839,0.5,"C"
0.851,0.51,"C"
0.83,0.49,"C"
0.877,0.52,"C"
0.873,0.52,"C"
0.875,0.52,"C"
0.878,0.52,"C"
0.874,0.52,"C"
0.867,0.52,"C"
0.891,0.53,"C"
0.9,0.54,"C"
0.899,0.53,"C"
0.878,0.53,"C"
0.882,0.53,"C"
0.883,0.53,"C"
0.908,0.54,"C"
0.922,0.55,"C"
0.893,0.54,"C"
0.869,0.52,"C"
0.889,0.53,"C"
0.851,0.51,"C"
0.809,0.49,"C"
0.819,0.49,"C"
0.822,0.49,"C"
0.826,0.49,"C"
0.847,0.51,"C"
0.835,0.49,"C"
0.839,0.5,"C"
0.855,0.51,"C"
0.817,0.49,"C"
0.839,0.5,"C"
0.767,0.46,"C"
0.73,0.45,"C"
0.718,0.44,"C"
0.766,0.47,"C"
0.781,0.47,"C"
0.889,0.53,"C"
0.889,0.53,"C"
0.855,0.51,"C"
0.858,0.51,"C"
0.827,0.49,"C"
0.889,0.53,"C"
0.88,0.52,"C"
0.907,0.54,"C"
0.809,0.48,"C"
0.733,0.43,"C"
0.683,0.41,"D"
0.653,0.39,"D"
0.653,0.39,"D"
0.599,0.4,"C"
0.661,0.43,"C"
0.642,0.42,"C"
0.696,0.48,"C"
0.704,0.48,"C"
0.354,0.26,"C"
0.762,0.5,"C"
0.673,0.45,"C"
0.567,0.4,"C"
0.596,0.41,"C"
0.771,0.48,"C"
0.683,0.43,"C"
0.773,0.47,"C"
0.839,0.5,"C"
0.827,0.5,"C"
0.839,0.5,"C"
0.849,0.5,"C"
0.838,0.51,"C"
0.821,0.5,"C"
0.87,0.51,"C"
0.889,0.52,"C"
0.86,0.51,"C"
0.826,0.49,"C"
0.732,0.46,"C"
0.841,0.5,"C"
0.821,0.49,"C"
0.821,0.49,"C"
0.862,0.51,"C"
0.865,0.51,"C"
0.839,0.5,"C"
0.767,0.46,"C"
0.797,0.48,"C"
0.679,0.43,"C"
0.772,0.47,"C"
0.783,0.47,"C"
0.885,0.53,"C"
0.836,0.5,"C"
0.839,0.5,"C"
0.872,0.52,"C"
0.835,0.5,"C"
0.841,0.5,"C"
0.853,0.51,"C"
0.85,0.51,"C"
0.77,0.46,"C"
0.796,0.48,"C"
0.864,0.51,"C"
0.819,0.49,"C"
0.463,0.29,"C"
0.742,0.46,"C"
0.812,0.49,"C"
0.803,0.48,"C"
0.83,0.49,"C"
0.768,0.47,"C"
0.889,0.53,"C"
0.833,0.5,"C"
0.803,0.49,"C"
0.878,0.52,"C"
0.874,0.52,"C"
0.758,0.45,"D"
0.833,0.49,"D"
0.835,0.49,"D"
0.822,0.49,"D"
0.851,0.5,"D"
0.88,0.52,"D"
0.872,0.51,"D"
0.858,0.51,"D"
0.861,0.5,"D"
0.783,0.46,"D"
0.804,0.48,"D"
0.776,0.47,"D"
0.803,0.48,"D"
0.867,0.51,"D"
0.699,0.42,"D"
0.768,0.46,"D"
0.821,0.49,"D"
0.872,0.52,"D"
0.882,0.52,"D"
0.873,0.52,"D"
0.827,0.5,"D"
0.85,0.51,"D"
0.83,0.5,"D"
0.84,0.5,"D"
0.816,0.49,"D"
0.789,0.48,"D"
0.729,0.44,"D"
0.762,0.46,"D"
0.761,0.46,"D"
0.87,0.52,"D"
0.801,0.48,"D"
0.828,0.49,"D"
0.864,0.51,"D"
0.899,0.53,"D"
0.878,0.52,"D"
0.655,0.39,"A"
0.652,0.42,"D"
0.754,0.47,"D"
0.719,0.44,"D"
0.84,0.5,"D"
0.807,0.48,"D"
0.792,0.49,"D"
0.812,0.5,"D"
0.791,0.49,"D"
0.813,0.48,"D"
0.855,0.51,"D"
0.886,0.52,"D"
0.88,0.52,"D"
0.889,0.53,"D"
0.876,0.52,"D"
0.87,0.52,"D"
0.631,0.41,"C"
0.553,0.36,"C"
0.603,0.38,"C"
0.575,0.37,"C"
0.766,0.46,"C"
0.725,0.45,"C"
0.644,0.4,"C"
0.597,0.38,"C"
0.576,0.37,"C"
0.604,0.38,"C"
0.624,0.4,"C"
0.588,0.38,"C"
0.587,0.39,"C"
0.615,0.4,"C"
0.536,0.35,"C"
0.529,0.34,"D"
0.508,0.34,"D"
0.545,0.35,"C"
0.494,0.32,"C"
0.488,0.32,"C"
0.805,0.47,"D"
0.686,0.43,"D"
0.879,0.53,"D"
0.816,0.5,"D"
0.773,0.47,"D"
0.884,0.53,"D"
0.68,0.42,"D"
0.647,0.41,"D"
0.801,0.48,"D"
0.888,0.53,"D"
0.84,0.51,"D"
0.696,0.43,"D"
0.748,0.45,"D"
0.733,0.44,"D"
0.739,0.44,"D"
0.827,0.5,"D"
0.875,0.52,"D"
0.889,0.52,"D"
0.882,0.51,"D"
0.78,0.47,"D"
0.875,0.52,"D"
0.915,0.54,"D"
0.715,0.43,"D"
0.844,0.51,"D"
0.852,0.51,"D"
0.94,0.56,"D"
0.752,0.45,"D"
0.833,0.49,"D"
0.881,0.52,"D"
0.842,0.5,"D"
0.795,0.48,"D"
0.932,0.56,"D"
0.817,0.48,"D"
0.886,0.52,"D"
0.867,0.52,"D"
0.881,0.53,"D"
0.867,0.52,"D"
0.894,0.53,"D"
0.783,0.47,"D"
0.812,0.49,"D"
0.844,0.51,"D"
0.843,0.5,"D"
0.866,0.52,"D"
0.833,0.5,"D"
0.785,0.47,"D"
0.834,0.5,"D"
0.894,0.54,"D"
0.869,0.52,"D"
0.785,0.47,"D"
0.801,0.48,"D"
0.799,0.48,"D"
0.808,0.48,"D"
0.813,0.5,"D"
0.84,0.51,"D"
0.79,0.48,"D"
0.869,0.53,"D"
0.817,0.49,"D"
0.796,0.48,"D"
0.84,0.5,"D"
0.889,0.52,"D"
0.699,0.43,"D"
0.883,0.52,"D"
0.87,0.52,"D"
0.827,0.49,"D"
0.801,0.48,"D"
0.861,0.51,"D"
0.869,0.51,"D"
0.868,0.51,"D"
0.859,0.51,"D"
0.874,0.52,"D"
0.871,0.51,"D"
0.86,0.51,"D"
0.855,0.51,"D"
0.846,0.5,"D"
0.852,0.5,"D"
0.829,0.49,"D"
0.863,0.52,"D"
0.845,0.51,"D"
0.838,0.5,"D"
0.862,0.51,"D"
0.908,0.54,"D"
0.888,0.53,"D"
0.887,0.53,"D"
0.831,0.5,"D"
0.842,0.5,"D"
0.804,0.49,"D"
0.769,0.46,"D"
0.786,0.47,"D"
0.769,0.46,"D"
0.822,0.49,"D"
0.811,0.49,"D"
0.876,0.53,"D"
0.915,0.54,"D"
0.86,0.51,"D"
0.87,0.52,"D"
0.844,0.5,"D"
0.7,0.43,"D"
0.879,0.52,"D"
0.85,0.51,"D"
0.827,0.5,"D"
0.729,0.44,"D"
0.613,0.37,"D"
0.649,0.4,"D"
0.896,0.54,"D"
0.833,0.5,"D"
0.84,0.5,"D"
0.852,0.5,"D"
0.834,0.49,"D"
0.789,0.47,"D"
0.889,0.53,"D"
0.883,0.53,"D"
0.835,0.5,"D"
0.885,0.53,"D"
0.857,0.51,"D"
0.764,0.45,"D"
0.804,0.48,"D"
0.809,0.48,"D"
0.905,0.53,"D"
0.929,0.56,"D"
0.882,0.53,"D"
0.876,0.52,"D"
0.887,0.53,"D"
0.901,0.54,"D"
0.861,0.51,"D"
0.851,0.51,"D"
0.85,0.51,"D"
0.854,0.51,"D"
0.851,0.5,"D"
0.964,0.57,"D"
0.955,0.57,"D"
0.846,0.51,"D"
0.818,0.49,"D"
0.824,0.49,"D"
0.865,0.51,"D"
0.87,0.52,"D"
0.889,0.53,"D"
0.906,0.54,"D"
0.881,0.52,"D"
0.872,0.52,"D"
0.851,0.5,"D"
0.889,0.53,"D"
0.745,0.43,"D"
0.719,0.43,"C"
0.718,0.43,"C"
0.553,0.33,"C"
0.49,0.31,"C"
0.475,0.3,"D"
0.715,0.43,"D"
0.789,0.48,"D"
0.84,0.51,"D"
0.819,0.49,"D"
0.786,0.48,"D"
0.761,0.46,"D"
0.873,0.51,"D"
0.84,0.5,"D"
0.84,0.5,"D"
0.846,0.51,"D"
0.848,0.51,"D"
0.862,0.52,"D"
0.871,0.53,"D"
0.862,0.52,"D"
0.884,0.54,"D"
0.868,0.52,"D"
0.889,0.54,"D"
0.867,0.52,"D"
0.888,0.54,"D"
0.856,0.52,"D"
0.876,0.53,"D"
0.873,0.52,"D"
0.861,0.51,"D"
0.889,0.52,"D"
0.889,0.52,"D"
0.845,0.51,"D"
0.851,0.52,"D"
0.889,0.54,"D"
0.84,0.51,"D"
0.837,0.5,"D"
0.848,0.51,"D"
0.845,0.5,"D"
0.824,0.49,"D"
0.86,0.51,"D"
0.791,0.48,"D"
0.84,0.5,"D"
0.889,0.54,"D"
0.842,0.5,"D"
0.866,0.52,"D"
0.87,0.52,"D"
0.87,0.52,"D"
0.9,0.54,"D"
0.873,0.53,"D"
0.882,0.54,"D"
0.871,0.53,"D"
0.852,0.51,"D"
0.845,0.51,"D"
0.855,0.51,"D"
0.84,0.51,"D"
0.852,0.51,"D"
0.881,0.52,"D"
0.88,0.52,"D"
0.889,0.53,"D"
0.862,0.52,"D"
0.856,0.5,"D"
0.886,0.52,"D"
0.889,0.53,"D"
0.84,0.51,"D"
0.867,0.52,"D"
0.879,0.53,"D"
0.867,0.52,"D"
0.842,0.5,"D"
0.859,0.51,"D"
0.838,0.5,"D"
0.856,0.51,"D"
0.822,0.49,"D"
0.857,0.51,"D"
0.846,0.51,"D"
0.874,0.54,"D"
0.824,0.5,"D"
0.84,0.5,"D"
0.842,0.5,"D"
0.842,0.5,"D"
0.84,0.5,"D"
0.864,0.52,"D"
0.865,0.52,"D"
0.891,0.53,"D"
0.886,0.54,"D"
0.857,0.53,"D"
0.814,0.5,"D"
0.843,0.51,"D"
0.886,0.53,"D"
0.878,0.53,"D"
0.828,0.49,"D"
0.862,0.51,"D"
0.863,0.51,"D"
0.867,0.51,"D"
0.87,0.52,"D"
0.84,0.51,"D"
0.835,0.51,"D"
0.844,0.51,"D"
0.841,0.51,"D"
0.826,0.5,"D"
0.878,0.52,"D"
0.861,0.51,"D"
0.845,0.5,"D"
0.847,0.5,"D"
0.877,0.51,"D"
0.883,0.51,"D"
0.829,0.48,"D"
0.834,0.48,"D"
0.865,0.53,"D"
0.889,0.53,"D"
0.55,0.37,"D"
0.44,0.3,"D"
0.409,0.27,"E"
0.49,0.35,"D"
0.473,0.33,"D"
0.433,0.32,"D"
0.32,0.23,"E"
0.752,0.45,"C"
0.774,0.47,"C"
0.779,0.47,"C"
0.466,0.33,"D"
0.468,0.32,"D"
0.466,0.32,"D"
0.597,0.39,"D"
0.7,0.44,"D"
0.668,0.42,"D"
0.691,0.43,"D"
0.698,0.44,"D"
0.611,0.39,"D"
0.627,0.4,"D"
0.478,0.34,"D"
0.463,0.33,"D"
0.51,0.37,"D"
0.517,0.37,"D"
0.51,0.36,"D"
0.533,0.36,"D"
0.538,0.35,"D"
0.779,0.49,"D"
0.839,0.52,"D"
0.736,0.47,"D"
0.64,0.41,"D"
0.733,0.45,"D"
0.904,0.54,"D"
0.895,0.53,"D"
0.868,0.52,"D"
0.835,0.5,"D"
0.837,0.5,"D"
0.792,0.48,"D"
0.814,0.5,"D"
0.799,0.5,"D"
0.771,0.48,"D"
0.795,0.48,"D"
0.619,0.37,"A"
0.875,0.52,"D"
0.876,0.52,"D"
0.861,0.51,"D"
0.782,0.48,"D"
0.858,0.53,"D"
0.84,0.51,"D"
0.84,0.51,"D"
0.831,0.5,"D"
0.838,0.5,"D"
0.868,0.52,"D"
0.861,0.51,"D"
0.838,0.49,"D"
0.867,0.52,"D"
0.844,0.51,"D"
0.73,0.46,"D"
0.739,0.48,"D"
0.68,0.44,"D"
0.738,0.47,"D"
0.693,0.45,"D"
0.682,0.45,"D"
0.616,0.38,"A"
0.693,0.43,"D"
0.843,0.5,"D"
0.829,0.49,"D"
0.876,0.53,"D"
0.604,0.36,"C"
0.672,0.39,"D"
0.785,0.45,"D"
0.782,0.46,"D"
0.84,0.51,"D"
0.708,0.44,"D"
0.725,0.44,"C"
0.729,0.45,"C"
0.586,0.36,"C"
0.747,0.45,"C"
0.603,0.36,"C"
0.638,0.4,"C"
0.503,0.33,"D"
0.514,0.34,"D"
0.556,0.35,"C"
0.666,0.41,"C"
0.722,0.44,"C"
0.73,0.44,"C"
0.607,0.37,"C"
0.573,0.36,"C"
0.542,0.34,"C"
0.56,0.36,"C"
0.523,0.33,"C"
0.497,0.31,"D"
0.535,0.34,"C"
0.525,0.32,"D"
0.62,0.38,"D"
0.824,0.5,"D"
0.871,0.52,"D"
0.849,0.51,"D"
0.823,0.49,"D"
0.945,0.56,"D"
0.938,0.55,"D"
0.779,0.48,"D"
0.815,0.49,"D"
0.84,0.5,"D"
0.899,0.52,"D"
0.857,0.51,"D"
0.889,0.53,"D"
0.918,0.54,"D"
0.926,0.55,"D"
0.793,0.49,"D"
0.782,0.49,"D"
0.686,0.44,"D"
0.8,0.48,"D"
0.852,0.51,"D"
0.862,0.51,"D"
0.84,0.49,"D"
0.847,0.51,"D"
0.818,0.49,"D"
0.745,0.46,"D"
0.748,0.45,"D"
0.817,0.48,"D"
0.844,0.5,"D"
0.82,0.49,"D"
0.824,0.5,"D"
0.854,0.5,"D"
0.803,0.48,"D"
0.845,0.5,"D"
0.742,0.47,"D"
0.788,0.48,"D"
0.822,0.49,"D"
0.906,0.54,"D"
0.925,0.55,"D"
0.808,0.49,"D"
0.821,0.5,"D"
0.87,0.52,"D"
0.827,0.5,"D"
0.85,0.51,"D"
0.857,0.52,"D"
0.774,0.47,"D"
0.861,0.51,"D"
0.883,0.53,"D"
0.822,0.49,"D"
0.782,0.46,"D"
0.779,0.46,"D"
0.84,0.5,"D"
0.738,0.45,"D"
0.792,0.48,"D"
0.793,0.48,"D"
0.819,0.49,"D"
0.808,0.48,"D"
0.812,0.48,"D"
0.832,0.5,"D"
0.8,0.48,"D"
0.795,0.48,"D"
0.828,0.5,"D"
0.85,0.51,"D"
0.849,0.51,"D"
0.836,0.51,"D"
0.83,0.51,"D"
0.742,0.45,"D"
0.768,0.47,"D"
0.746,0.46,"D"
0.772,0.46,"D"
0.755,0.46,"D"
0.732,0.45,"D"
0.772,0.47,"D"
0.692,0.42,"D"
0.779,0.47,"D"
0.743,0.45,"D"
0.765,0.46,"D"
0.772,0.46,"D"
0.826,0.5,"D"
0.803,0.49,"D"
0.753,0.46,"D"
0.662,0.42,"D"
0.462,0.34,"C"
0.395,0.29,"C"
0.441,0.33,"C"
0.427,0.32,"C"
0.4,0.31,"C"
0.53,0.39,"C"
0.512,0.38,"C"
0.472,0.35,"C"
0.439,0.32,"D"
0.439,0.32,"D"
0.495,0.36,"C"
0.539,0.4,"C"
0.569,0.41,"C"
0.605,0.44,"C"
0.579,0.42,"C"
0.558,0.41,"C"
0.542,0.4,"C"
0.486,0.36,"C"
0.389,0.29,"D"
0.355,0.27,"D"
0.404,0.31,"D"
0.471,0.33,"D"
0.452,0.3,"B"
0.442,0.3,"B"
0.453,0.3,"B"
0.452,0.3,"B"
0.468,0.3,"B"
0.481,0.34,"D"
0.488,0.34,"D"
0.488,0.34,"D"
0.505,0.35,"D"
0.538,0.37,"D"
0.555,0.38,"D"
0.569,0.39,"D"
0.588,0.4,"D"
0.521,0.37,"D"
0.556,0.4,"D"
0.606,0.41,"D"
0.571,0.39,"D"
0.585,0.4,"D"
0.585,0.39,"D"
0.645,0.44,"D"
0.626,0.43,"D"
0.636,0.43,"D"
0.658,0.45,"D"
0.64,0.44,"D"
0.558,0.39,"D"
0.535,0.37,"D"
0.506,0.36,"D"
0.45,0.33,"D"
0.437,0.33,"D"
0.424,0.32,"D"
0.459,0.34,"D"
0.539,0.39,"D"
0.531,0.36,"D"
0.61,0.42,"D"
0.606,0.41,"D"
0.699,0.47,"D"
0.662,0.44,"D"
0.672,0.45,"D"
0.664,0.45,"D"
0.63,0.42,"D"
0.666,0.45,"D"
0.588,0.4,"D"
0.625,0.43,"D"
0.511,0.36,"D"
0.419,0.31,"D"
0.411,0.31,"D"
0.406,0.31,"D"
0.403,0.31,"D"
0.437,0.33,"D"
0.434,0.32,"D"
0.446,0.33,"D"
0.48,0.36,"D"
0.527,0.38,"D"
0.555,0.39,"D"
0.599,0.4,"D"
0.607,0.41,"D"
0.648,0.43,"D"
0.683,0.45,"D"
0.534,0.38,"D"
0.425,0.31,"D"
0.496,0.36,"D"
0.478,0.33,"D"
0.515,0.37,"D"
0.473,0.35,"D"
0.403,0.31,"D"
0.57,0.4,"D"
0.654,0.43,"D"
0.701,0.45,"D"
0.716,0.46,"D"
0.688,0.44,"D"
0.713,0.46,"D"
0.677,0.46,"D"
0.461,0.35,"D"
0.442,0.33,"D"
0.493,0.37,"D"
0.495,0.37,"D"
0.572,0.42,"D"
0.556,0.39,"D"
0.544,0.38,"D"
0.436,0.29,"D"
0.454,0.3,"C"
0.526,0.35,"C"
0.501,0.34,"C"
0.527,0.36,"C"
0.528,0.36,"C"
0.538,0.37,"C"
0.381,0.29,"D"
0.376,0.29,"D"
0.375,0.29,"D"
0.372,0.29,"D"
0.583,0.41,"C"
0.521,0.39,"C"
0.494,0.37,"C"
0.524,0.37,"C"
0.443,0.32,"C"
0.402,0.29,"C"
0.492,0.37,"C"
0.496,0.37,"C"
0.401,0.3,"C"
0.463,0.34,"C"
0.522,0.37,"C"
0.554,0.38,"C"
0.581,0.4,"C"
0.559,0.39,"C"
0.546,0.38,"C"
0.426,0.31,"C"
0.827,0.49,"C"
0.874,0.52,"C"
0.873,0.52,"C"
0.447,0.31,"D"
0.571,0.35,"C"
0.606,0.38,"D"
0.527,0.33,"C"
0.527,0.33,"C"
0.619,0.37,"C"
0.606,0.37,"C"
0.588,0.36,"C"
0.522,0.32,"C"
0.62,0.39,"D"
0.852,0.51,"D"
0.767,0.46,"D"
0.795,0.48,"D"
0.802,0.48,"D"
0.785,0.47,"D"
0.781,0.47,"D"
0.797,0.48,"D"
0.824,0.49,"D"
0.813,0.48,"D"
0.812,0.48,"D"
0.833,0.49,"D"
0.806,0.48,"D"
0.842,0.51,"D"
0.824,0.5,"D"
0.795,0.48,"D"
0.837,0.5,"D"
0.825,0.49,"D"
0.84,0.5,"D"
0.929,0.55,"D"
0.904,0.54,"D"
0.857,0.51,"D"
0.869,0.52,"D"
0.887,0.53,"D"
0.862,0.51,"D"
0.784,0.47,"D"
0.794,0.48,"D"
0.785,0.48,"D"
0.876,0.52,"D"
0.833,0.49,"D"
0.835,0.49,"D"
0.887,0.53,"D"
0.889,0.53,"D"
0.827,0.5,"D"
0.892,0.54,"D"
0.829,0.49,"D"
0.695,0.45,"D"
0.825,0.5,"D"
0.869,0.52,"D"
0.859,0.52,"D"
0.843,0.51,"D"
0.809,0.49,"D"
0.829,0.5,"D"
0.873,0.52,"D"
0.889,0.53,"D"
0.864,0.52,"D"
0.885,0.53,"D"
0.883,0.53,"D"
0.845,0.5,"D"
0.723,0.43,"D"
0.799,0.48,"D"
0.839,0.5,"D"
0.876,0.52,"D"
0.855,0.51,"D"
0.803,0.49,"D"
0.792,0.47,"D"
0.812,0.48,"D"
0.915,0.55,"D"
0.828,0.48,"D"
0.847,0.5,"D"
0.572,0.35,"C"
0.539,0.33,"C"
0.535,0.34,"C"
0.542,0.33,"D"
0.678,0.41,"D"
0.52,0.32,"C"
0.519,0.32,"C"
0.892,0.53,"D"
0.805,0.49,"D"
0.801,0.49,"D"
0.839,0.49,"D"
0.834,0.49,"D"
0.887,0.54,"D"
0.829,0.51,"D"
0.842,0.51,"D"
0.987,0.57,"D"
0.815,0.49,"D"
0.72,0.45,"D"
0.707,0.45,"D"
0.808,0.5,"D"
0.885,0.53,"D"
0.826,0.51,"D"
0.856,0.52,"D"
0.821,0.49,"D"
0.779,0.49,"D"
0.888,0.54,"D"
0.835,0.52,"D"
0.889,0.52,"D"
0.87,0.52,"D"
0.862,0.52,"D"
0.84,0.5,"D"
0.844,0.5,"D"
0.889,0.53,"D"
0.858,0.51,"D"
0.889,0.52,"D"
0.879,0.53,"D"
0.889,0.53,"D"
0.86,0.52,"D"
0.885,0.53,"D"
0.839,0.5,"D"
0.85,0.51,"D"
0.879,0.53,"D"
0.858,0.51,"D"
0.859,0.51,"D"
0.843,0.5,"D"
0.842,0.5,"D"
0.893,0.54,"D"
0.863,0.51,"D"
0.84,0.5,"D"
0.863,0.52,"D"
0.84,0.5,"D"
0.889,0.53,"D"
0.83,0.5,"D"
0.871,0.53,"D"
0.856,0.5,"D"
0.856,0.5,"D"
0.85,0.5,"D"
0.847,0.5,"D"
0.832,0.5,"D"
0.847,0.51,"D"
0.84,0.51,"D"
0.855,0.52,"D"
0.821,0.49,"D"
0.881,0.52,"D"
0.878,0.52,"D"
0.889,0.53,"D"
0.849,0.5,"D"
0.85,0.51,"D"
0.847,0.51,"D"
0.851,0.5,"D"
0.788,0.47,"D"
0.814,0.49,"D"
0.793,0.47,"D"
0.788,0.47,"D"
0.831,0.5,"D"
0.865,0.51,"D"
0.818,0.48,"D"
0.809,0.48,"D"
0.722,0.43,"D"
0.761,0.46,"D"
0.786,0.48,"D"
0.774,0.47,"D"
0.698,0.43,"D"
0.851,0.5,"D"
0.84,0.5,"D"
0.809,0.49,"D"
0.8,0.48,"D"
0.775,0.46,"D"
0.84,0.51,"D"
0.873,0.53,"D"
0.656,0.42,"D"
0.468,0.3,"D"
0.511,0.32,"D"
0.782,0.46,"D"
0.855,0.51,"D"
0.883,0.53,"D"
0.845,0.51,"D"
0.889,0.53,"D"
0.608,0.38,"D"
0.834,0.5,"D"
0.86,0.5,"D"
0.84,0.5,"D"
0.82,0.49,"D"
0.816,0.49,"D"
0.846,0.5,"D"
0.804,0.49,"D"
0.792,0.49,"D"
0.763,0.48,"D"
0.84,0.5,"E"
0.87,0.52,"E"
0.839,0.49,"E"
0.856,0.5,"E"
0.839,0.49,"E"
0.846,0.5,"E"
0.844,0.49,"E"
0.839,0.49,"E"
0.664,0.43,"C"
0.858,0.52,"E"
0.849,0.51,"E"
0.848,0.51,"E"
0.849,0.51,"E"
0.838,0.5,"E"
0.839,0.49,"E"
0.863,0.51,"E"
0.882,0.52,"E"
0.899,0.53,"E"
0.888,0.52,"E"
0.867,0.5,"E"
0.842,0.5,"E"
0.884,0.53,"E"
0.916,0.54,"E"
0.841,0.5,"E"
0.839,0.5,"E"
0.846,0.5,"E"
0.839,0.5,"E"
0.812,0.48,"E"
0.825,0.49,"E"
0.836,0.49,"E"
0.812,0.48,"E"
0.839,0.49,"E"
0.855,0.5,"E"
0.83,0.49,"E"
0.838,0.5,"E"
0.838,0.49,"E"
0.839,0.5,"E"
0.838,0.5,"E"
0.839,0.5,"E"
0.841,0.51,"E"
0.886,0.52,"E"
0.858,0.51,"E"
0.839,0.5,"E"
0.851,0.5,"E"
0.847,0.5,"E"
0.839,0.5,"E"
0.503,0.31,"E"
0.735,0.44,"E"
0.757,0.45,"E"
0.654,0.4,"E"
0.627,0.39,"E"
0.738,0.45,"E"
0.849,0.5,"E"
0.838,0.5,"E"
0.833,0.49,"E"
0.847,0.51,"E"
0.84,0.5,"E"
0.822,0.5,"E"
0.818,0.49,"E"
0.706,0.42,"E"
0.793,0.49,"E"
0.846,0.51,"E"
0.839,0.51,"E"
0.837,0.49,"E"
0.839,0.5,"E"
0.89,0.52,"E"
0.865,0.52,"E"
0.855,0.52,"E"
0.831,0.49,"E"
0.804,0.48,"E"
0.86,0.51,"E"
0.849,0.51,"E"
0.866,0.52,"E"
0.855,0.51,"E"
0.839,0.51,"E"
0.838,0.5,"E"
0.866,0.51,"E"
0.858,0.51,"E"
0.812,0.48,"E"
0.862,0.52,"E"
0.89,0.53,"E"
0.863,0.51,"E"
0.799,0.48,"E"
0.813,0.48,"E"
0.797,0.47,"E"
0.869,0.52,"E"
0.871,0.51,"E"
0.845,0.52,"E"
0.839,0.51,"E"
0.871,0.52,"E"
0.86,0.52,"E"
0.84,0.51,"E"
0.883,0.53,"E"
0.911,0.53,"E"
0.8,0.47,"E"
0.839,0.49,"E"
0.824,0.49,"E"
0.843,0.51,"E"
0.831,0.5,"E"
0.812,0.49,"E"
0.784,0.47,"E"
0.796,0.48,"E"
0.839,0.5,"E"
0.839,0.5,"E"
0.886,0.53,"E"
0.886,0.53,"E"
0.857,0.51,"E"
0.838,0.51,"E"
0.89,0.54,"E"
0.839,0.5,"E"
0.838,0.5,"E"
0.827,0.5,"E"
0.866,0.52,"E"
0.851,0.51,"E"
0.854,0.51,"E"
0.839,0.5,"E"
0.846,0.51,"E"
0.892,0.53,"E"
0.83,0.49,"E"
0.89,0.53,"E"
0.896,0.53,"E"
0.866,0.51,"E"
0.869,0.52,"E"
0.834,0.5,"E"
0.856,0.51,"E"
0.779,0.47,"E"
0.742,0.45,"E"
0.782,0.46,"E"
0.808,0.48,"E"
0.856,0.51,"E"
0.911,0.55,"E"
0.89,0.53,"E"
0.837,0.5,"E"
0.848,0.5,"E"
0.851,0.51,"E"
0.838,0.5,"E"
0.858,0.52,"E"
0.818,0.49,"E"
0.87,0.52,"E"
0.864,0.52,"E"
0.769,0.46,"E"
0.623,0.41,"E"
0.61,0.41,"E"
0.624,0.42,"E"
0.581,0.39,"E"
0.516,0.33,"C"
0.488,0.34,"E"
0.473,0.34,"E"
0.434,0.31,"E"
0.446,0.3,"E"
0.503,0.33,"C"
0.542,0.35,"C"
0.507,0.33,"C"
0.578,0.35,"C"
0.835,0.49,"E"
0.787,0.48,"E"
0.594,0.4,"E"
0.787,0.48,"D"
0.679,0.41,"D"
0.578,0.35,"E"
0.655,0.39,"E"
0.684,0.41,"E"
0.837,0.49,"E"
0.796,0.47,"E"
0.797,0.48,"E"
0.841,0.5,"E"
0.866,0.52,"E"
0.839,0.51,"E"
0.84,0.51,"E"
0.527,0.35,"E"
0.823,0.48,"E"
0.797,0.47,"E"
0.821,0.49,"E"
0.811,0.48,"E"
0.843,0.5,"E"
0.786,0.47,"E"
0.854,0.51,"E"
0.839,0.51,"E"
0.679,0.42,"E"
0.831,0.5,"E"
0.855,0.52,"E"
0.853,0.51,"E"
0.91,0.55,"E"
0.824,0.5,"E"
0.89,0.52,"E"
0.839,0.5,"E"
0.852,0.5,"E"
0.839,0.5,"E"
0.826,0.5,"E"
0.791,0.48,"E"
0.624,0.35,"D"
0.756,0.43,"E"
0.72,0.42,"E"
0.905,0.53,"E"
0.861,0.51,"E"
0.866,0.52,"E"
0.843,0.5,"E"
0.87,0.52,"E"
0.781,0.47,"E"
0.592,0.34,"D"
0.694,0.4,"E"
0.736,0.41,"E"
0.76,0.43,"E"
0.839,0.48,"E"
0.857,0.51,"E"
0.822,0.49,"E"
0.853,0.51,"E"
0.869,0.52,"E"
0.879,0.52,"E"
0.862,0.52,"E"
0.89,0.53,"E"
0.839,0.49,"E"
0.875,0.52,"E"
0.844,0.5,"E"
0.825,0.49,"E"
0.821,0.49,"E"
0.841,0.5,"E"
0.849,0.51,"E"
0.854,0.51,"E"
0.888,0.54,"E"
0.839,0.51,"E"
0.855,0.52,"E"
0.881,0.53,"E"
0.878,0.52,"E"
0.858,0.52,"E"
0.873,0.52,"E"
0.859,0.51,"E"
0.863,0.51,"E"
0.839,0.5,"E"
0.831,0.49,"E"
0.838,0.5,"E"
0.839,0.5,"E"
0.835,0.51,"E"
0.854,0.51,"E"
0.833,0.51,"E"
0.837,0.5,"E"
0.862,0.52,"E"
0.851,0.51,"E"
0.89,0.54,"E"
0.889,0.53,"E"
0.879,0.52,"E"
0.89,0.52,"E"
0.886,0.52,"E"
0.869,0.51,"E"
0.846,0.5,"E"
0.83,0.49,"E"
0.839,0.5,"E"
0.859,0.51,"E"
0.851,0.51,"E"
0.844,0.51,"E"
0.838,0.5,"E"
0.845,0.5,"E"
0.844,0.5,"E"
0.852,0.51,"E"
0.858,0.52,"E"
0.856,0.51,"E"
0.85,0.51,"E"
0.89,0.54,"E"
0.887,0.53,"E"
0.871,0.53,"E"
0.852,0.51,"E"
0.903,0.54,"E"
0.879,0.53,"E"
0.846,0.51,"E"
0.839,0.5,"E"
0.856,0.51,"E"
0.848,0.5,"E"
0.859,0.5,"E"
0.89,0.52,"E"
0.839,0.49,"E"
0.849,0.51,"E"
0.842,0.5,"E"
0.844,0.5,"E"
0.89,0.53,"E"
0.869,0.52,"E"
0.902,0.54,"E"
0.879,0.53,"E"
0.875,0.53,"E"
0.89,0.54,"E"
0.864,0.52,"E"
0.89,0.53,"E"
0.889,0.52,"E"
0.886,0.52,"E"
0.863,0.51,"E"
0.861,0.51,"E"
0.862,0.52,"E"
0.866,0.52,"E"
0.853,0.51,"E"
0.847,0.51,"E"
0.887,0.53,"E"
0.89,0.53,"E"
0.869,0.52,"E"
0.89,0.52,"E"
0.882,0.53,"E"
0.867,0.52,"E"
0.873,0.52,"E"
0.866,0.52,"E"
0.866,0.51,"E"
0.89,0.53,"E"
0.708,0.41,"E"
0.894,0.53,"E"
0.893,0.53,"E"
0.877,0.52,"E"
0.876,0.52,"E"
0.886,0.53,"E"
0.876,0.52,"E"
0.873,0.52,"E"
0.839,0.49,"E"
0.843,0.5,"E"
0.84,0.5,"E"
0.843,0.5,"E"
0.779,0.46,"E"
0.838,0.5,"E"
0.866,0.51,"E"
0.861,0.51,"E"
0.854,0.51,"E"
0.921,0.54,"E"
0.898,0.54,"E"
0.874,0.52,"E"
0.845,0.5,"E"
0.871,0.52,"E"
0.854,0.51,"E"
0.89,0.53,"E"
0.803,0.48,"E"
0.872,0.53,"E"
0.839,0.51,"E"
0.855,0.51,"E"
0.86,0.51,"E"
0.873,0.52,"E"
0.89,0.53,"E"
0.908,0.54,"E"
0.863,0.51,"E"
0.863,0.51,"E"
0.862,0.51,"E"
0.864,0.52,"E"
0.935,0.56,"E"
0.867,0.52,"E"
0.832,0.49,"E"
0.815,0.48,"E"
0.84,0.51,"E"
0.822,0.49,"E"
0.827,0.48,"E"
0.838,0.48,"E"
0.86,0.5,"E"
0.836,0.5,"E"
0.849,0.5,"E"
0.848,0.5,"E"
0.853,0.5,"E"
0.796,0.47,"E"
0.847,0.5,"E"
0.89,0.53,"E"
0.875,0.52,"E"
0.861,0.51,"E"
0.839,0.5,"E"
0.855,0.51,"E"
0.869,0.52,"E"
0.864,0.51,"E"
0.853,0.51,"E"
0.802,0.48,"E"
0.363,0.29,"E"
0.508,0.33,"E"
0.798,0.48,"E"
0.89,0.53,"E"
0.74,0.46,"E"
0.668,0.44,"E"
0.485,0.35,"E"
0.403,0.3,"E"
0.381,0.28,"E"
0.703,0.46,"E"
0.815,0.5,"E"
0.877,0.51,"E"
0.852,0.51,"E"
0.664,0.43,"E"
0.75,0.47,"E"
0.652,0.42,"E"
0.667,0.43,"E"
0.696,0.44,"E"
0.752,0.47,"E"
0.865,0.53,"E"
0.871,0.53,"E"
0.863,0.52,"E"
0.838,0.5,"E"
0.868,0.52,"E"
0.803,0.48,"E"
0.859,0.52,"E"
0.848,0.51,"E"
0.719,0.44,"E"
0.701,0.44,"E"
0.764,0.47,"E"
0.897,0.54,"E"
0.874,0.52,"E"
0.873,0.52,"E"
0.798,0.47,"E"
0.818,0.49,"E"
0.79,0.47,"E"
0.883,0.52,"E"
0.916,0.55,"E"
0.894,0.54,"E"
0.89,0.54,"E"
0.81,0.49,"E"
0.731,0.45,"E"
0.843,0.51,"E"
0.886,0.54,"E"
0.819,0.5,"E"
0.863,0.52,"E"
0.867,0.51,"E"
0.849,0.52,"E"
0.847,0.52,"E"
0.86,0.51,"E"
0.772,0.46,"E"
0.768,0.46,"E"
0.79,0.48,"E"
0.833,0.5,"E"
0.838,0.5,"E"
0.842,0.52,"E"
0.839,0.51,"E"
0.833,0.5,"E"
0.838,0.5,"E"
0.839,0.5,"E"
0.864,0.5,"E"
0.798,0.48,"E"
0.811,0.48,"E"
0.79,0.47,"E"
0.794,0.47,"E"
0.785,0.47,"E"
0.823,0.49,"E"
0.833,0.5,"E"
0.868,0.53,"E"
0.873,0.53,"E"
0.864,0.51,"E"
0.847,0.5,"E"
0.859,0.51,"E"
0.812,0.48,"E"
0.839,0.5,"E"
0.89,0.53,"E"
0.862,0.51,"E"
0.84,0.5,"E"
0.828,0.5,"E"
0.787,0.48,"E"
0.838,0.5,"E"
0.9,0.54,"E"
0.89,0.54,"E"
0.904,0.54,"E"
0.868,0.52,"E"
0.795,0.47,"E"
0.952,0.56,"E"
0.799,0.48,"E"
0.736,0.45,"E"
0.625,0.41,"E"
0.819,0.48,"E"
0.839,0.49,"E"
0.85,0.5,"E"
0.854,0.51,"E"
0.839,0.5,"E"
0.826,0.5,"E"
0.808,0.49,"E"
0.89,0.52,"E"
0.892,0.54,"E"
0.844,0.51,"E"
0.865,0.52,"E"
0.86,0.52,"E"
0.845,0.5,"E"
0.861,0.52,"E"
0.89,0.55,"E"
0.839,0.5,"E"
0.838,0.5,"E"
0.713,0.45,"D"
0.716,0.45,"D"
0.704,0.44,"D"
0.707,0.44,"D"
0.677,0.43,"D"
0.651,0.41,"D"
0.723,0.45,"D"
0.633,0.4,"D"
0.512,0.34,"D"
0.511,0.34,"D"
0.426,0.29,"D"
0.413,0.31,"C"
0.46,0.32,"E"
0.492,0.33,"E"
0.506,0.33,"E"
0.801,0.48,"E"
0.83,0.49,"E"
0.838,0.5,"E"
0.838,0.51,"E"
0.859,0.52,"E"
0.594,0.39,"E"
0.587,0.4,"E"
0.824,0.5,"E"
0.716,0.46,"E"
0.839,0.49,"E"
0.868,0.52,"E"
0.848,0.51,"E"
0.841,0.5,"E"
0.856,0.51,"E"
0.867,0.52,"E"
0.864,0.52,"E"
0.754,0.47,"E"
0.618,0.4,"E"
0.692,0.46,"E"
0.915,0.55,"E"
0.927,0.54,"E"
0.878,0.53,"E"
0.896,0.54,"E"
0.949,0.55,"E"
0.838,0.52,"E"
0.874,0.52,"E"
0.839,0.5,"E"
0.875,0.52,"E"
0.786,0.49,"E"
0.729,0.47,"E"
0.494,0.35,"E"
0.421,0.3,"E"
0.462,0.31,"E"
0.606,0.39,"E"
0.814,0.49,"E"
0.622,0.4,"E"
0.552,0.37,"E"
0.568,0.39,"E"
0.65,0.45,"E"
0.632,0.44,"E"
0.642,0.43,"E"
0.841,0.52,"E"
0.89,0.54,"E"
0.856,0.51,"E"
0.855,0.5,"E"
0.89,0.53,"E"
0.883,0.52,"E"
0.878,0.52,"E"
0.86,0.52,"E"
0.89,0.53,"E"
0.89,0.53,"E"
0.85,0.52,"E"
0.8,0.49,"E"
0.851,0.51,"E"
0.914,0.53,"E"
0.882,0.52,"E"
0.89,0.52,"E"
0.889,0.53,"E"
0.904,0.55,"E"
0.89,0.54,"E"
0.878,0.52,"E"
0.873,0.52,"E"
0.88,0.51,"E"
0.958,0.57,"E"
0.859,0.52,"E"
0.829,0.5,"E"
0.81,0.49,"E"
0.811,0.48,"E"
0.778,0.47,"E"
0.839,0.51,"E"
0.828,0.49,"E"
0.733,0.46,"E"
0.84,0.51,"E"
0.807,0.49,"E"
0.728,0.47,"E"
0.595,0.41,"E"
0.682,0.44,"E"
0.607,0.4,"E"
0.504,0.36,"E"
0.483,0.34,"E"
0.434,0.32,"E"
0.373,0.27,"E"
0.417,0.3,"E"
0.461,0.32,"C"
0.57,0.4,"E"
0.736,0.46,"E"
0.672,0.45,"E"
0.511,0.36,"E"
0.349,0.27,"D"
0.359,0.28,"D"
0.339,0.26,"D"
0.565,0.38,"E"
0.667,0.43,"E"
0.702,0.44,"E"
0.824,0.49,"E"
0.851,0.51,"E"
0.868,0.52,"E"
0.867,0.52,"E"
0.823,0.49,"E"
0.846,0.5,"E"
0.899,0.53,"E"
0.739,0.46,"E"
0.763,0.47,"E"
0.838,0.51,"E"
0.806,0.49,"E"
0.747,0.46,"E"
0.701,0.45,"E"
0.647,0.42,"E"
0.534,0.37,"E"
0.422,0.31,"E"
0.401,0.3,"E"
0.435,0.31,"E"
0.553,0.38,"E"
0.606,0.4,"E"
0.921,0.55,"E"
0.952,0.57,"E"
0.898,0.54,"E"
0.928,0.55,"E"
0.89,0.53,"E"
0.876,0.52,"E"
0.89,0.53,"E"
0.875,0.52,"E"
0.866,0.51,"E"
0.896,0.53,"E"
0.942,0.55,"E"
0.767,0.48,"E"
0.713,0.46,"E"
0.527,0.37,"E"
0.514,0.36,"E"
0.573,0.4,"E"
0.602,0.4,"E"
0.832,0.5,"E"
0.86,0.52,"E"
0.871,0.52,"E"
0.852,0.51,"E"
0.824,0.5,"E"
0.811,0.5,"E"
0.6,0.39,"E"
0.655,0.43,"E"
0.808,0.49,"E"
0.818,0.49,"E"
0.827,0.49,"E"
0.832,0.5,"E"
0.845,0.51,"E"
0.842,0.51,"E"
0.863,0.52,"E"
0.866,0.52,"E"
0.871,0.51,"E"
0.801,0.49,"E"
0.62,0.4,"E"
0.897,0.54,"E"
0.838,0.51,"E"
0.852,0.52,"E"
0.859,0.52,"E"
0.856,0.52,"E"
0.873,0.52,"E"
0.837,0.5,"E"
0.869,0.52,"E"
0.85,0.51,"E"
0.904,0.53,"E"
0.89,0.52,"E"
0.53,0.36,"E"
0.508,0.35,"E"
0.63,0.42,"E"
0.607,0.41,"E"
0.684,0.45,"E"
0.779,0.48,"E"
0.716,0.45,"E"
0.905,0.53,"E"
0.847,0.5,"E"
0.839,0.5,"E"
0.838,0.51,"E"
0.821,0.5,"E"
0.852,0.51,"E"
0.89,0.53,"E"
0.89,0.53,"E"
0.761,0.48,"E"
0.798,0.5,"E"
0.808,0.47,"E"
0.815,0.48,"E"
0.882,0.5,"E"
0.839,0.49,"E"
0.841,0.51,"E"
0.846,0.51,"E"
0.847,0.51,"E"
0.876,0.52,"E"
0.849,0.51,"E"
0.852,0.51,"E"
0.841,0.51,"E"
0.89,0.53,"E"
0.881,0.53,"E"
0.875,0.53,"E"
0.852,0.52,"E"
0.848,0.52,"E"
0.852,0.52,"E"
0.784,0.48,"E"
0.782,0.48,"E"
0.819,0.5,"E"
0.876,0.52,"E"
0.84,0.5,"E"
0.823,0.49,"E"
0.914,0.54,"E"
0.899,0.54,"E"
0.863,0.52,"E"
0.867,0.51,"E"
0.89,0.53,"E"
0.874,0.52,"E"
0.856,0.51,"E"
0.865,0.51,"E"
0.862,0.51,"E"
0.88,0.53,"E"
0.878,0.53,"E"
0.84,0.52,"E"
0.841,0.52,"E"
0.859,0.53,"E"
0.89,0.54,"E"
0.872,0.53,"E"
0.786,0.48,"E"
0.882,0.53,"E"
0.89,0.53,"E"
0.879,0.52,"E"
0.838,0.51,"E"
0.736,0.46,"E"
0.702,0.44,"E"
0.692,0.44,"E"
0.636,0.41,"E"
0.641,0.42,"E"
0.644,0.43,"E"
0.523,0.35,"E"
0.525,0.36,"E"
0.48,0.33,"E"
0.503,0.35,"E"
0.748,0.48,"E"
0.851,0.5,"E"
0.839,0.49,"E"
0.839,0.5,"E"
0.883,0.52,"E"
0.89,0.52,"E"
0.839,0.5,"E"
0.839,0.49,"E"
0.852,0.51,"E"
0.886,0.54,"E"
0.879,0.53,"E"
0.867,0.51,"E"
0.882,0.52,"E"
0.882,0.53,"E"
0.849,0.51,"E"
0.839,0.5,"E"
0.852,0.51,"E"
0.867,0.51,"E"
0.868,0.53,"E"
0.815,0.48,"E"
0.845,0.5,"E"
0.839,0.5,"E"
0.722,0.45,"E"
0.696,0.44,"E"
0.837,0.5,"E"
0.866,0.52,"E"
0.874,0.52,"E"
0.839,0.5,"E"
0.89,0.53,"E"
0.881,0.52,"E"
0.851,0.51,"E"
0.842,0.51,"E"
0.89,0.53,"E"
0.89,0.53,"E"
0.863,0.52,"E"
0.805,0.49,"E"
0.805,0.5,"E"
0.841,0.5,"E"
0.907,0.54,"E"
0.874,0.52,"E"
0.886,0.53,"E"
0.89,0.53,"E"
0.839,0.5,"E"
0.828,0.49,"E"
0.761,0.46,"E"
0.834,0.51,"E"
0.862,0.52,"E"
0.89,0.53,"E"
0.869,0.51,"E"
0.887,0.52,"E"
0.8,0.49,"E"
0.732,0.45,"E"
0.791,0.49,"E"
0.844,0.51,"E"
0.833,0.48,"E"
0.839,0.5,"E"
0.865,0.52,"E"
0.837,0.5,"E"
0.791,0.48,"E"
0.677,0.42,"E"
0.718,0.45,"E"
0.719,0.45,"E"
0.612,0.39,"E"
0.624,0.41,"E"
0.416,0.3,"E"
0.379,0.28,"E"
0.362,0.26,"E"
0.36,0.25,"B"
0.37,0.26,"C"
0.528,0.34,"C"
0.508,0.35,"C"
0.536,0.37,"C"
0.54,0.38,"C"
0.484,0.34,"C"
0.395,0.3,"C"
0.356,0.27,"E"
0.386,0.29,"C"
0.864,0.5,"E"
0.834,0.49,"E"
0.842,0.5,"E"
0.839,0.5,"E"
0.843,0.51,"E"
0.482,0.36,"E"
0.451,0.34,"E"
0.453,0.33,"E"
0.435,0.31,"E"
0.534,0.38,"E"
0.509,0.37,"E"
0.562,0.39,"E"
0.591,0.4,"E"
0.57,0.37,"E"
0.836,0.51,"E"
0.844,0.51,"E"
0.839,0.51,"E"
0.875,0.52,"E"
0.89,0.53,"E"
0.8,0.47,"E"
0.389,0.28,"E"
0.396,0.3,"E"
0.403,0.3,"E"
0.392,0.3,"E"
0.398,0.31,"E"
0.398,0.3,"E"
0.403,0.31,"E"
0.392,0.3,"E"
0.379,0.29,"E"
0.869,0.51,"E"
0.842,0.5,"E"
0.836,0.49,"E"
0.829,0.49,"E"
0.903,0.54,"E"
0.889,0.53,"E"
0.906,0.54,"E"
0.867,0.52,"E"
0.882,0.53,"E"
0.879,0.53,"E"
0.839,0.5,"E"
0.859,0.51,"E"
0.886,0.53,"E"
0.89,0.53,"E"
0.767,0.47,"E"
0.798,0.49,"E"
0.839,0.51,"E"
0.873,0.53,"E"
0.839,0.51,"E"
0.847,0.51,"E"
0.858,0.51,"E"
0.84,0.5,"E"
0.808,0.48,"E"
0.844,0.51,"E"
0.844,0.49,"E"
0.874,0.51,"E"
0.874,0.51,"E"
0.89,0.52,"E"
0.844,0.5,"E"
0.854,0.51,"E"
0.855,0.52,"E"
0.839,0.5,"E"
0.912,0.54,"E"
0.88,0.51,"E"
0.856,0.51,"E"
0.863,0.51,"E"
0.838,0.5,"E"
0.816,0.49,"E"
0.839,0.5,"E"
0.809,0.48,"E"
0.804,0.48,"E"
0.89,0.53,"E"
0.882,0.52,"E"
0.876,0.52,"E"
0.828,0.49,"E"
0.87,0.51,"E"
0.861,0.51,"E"
0.851,0.51,"E"
0.89,0.53,"E"
0.785,0.48,"E"
0.827,0.49,"E"
0.839,0.5,"E"
0.839,0.51,"E"
0.839,0.5,"E"
0.866,0.52,"E"
0.86,0.51,"E"
0.923,0.56,"E"
0.863,0.52,"E"
0.825,0.49,"E"
0.77,0.46,"E"
0.761,0.45,"E"
0.839,0.49,"E"
0.787,0.48,"E"
0.784,0.48,"E"
0.845,0.5,"E"
0.804,0.47,"E"
0.768,0.46,"E"
0.789,0.48,"E"
0.828,0.5,"E"
0.463,0.29,"E"
0.45,0.29,"D"
0.808,0.49,"E"
0.759,0.47,"E"
0.815,0.5,"E"
0.839,0.51,"E"
0.838,0.5,"E"
0.845,0.5,"E"
0.86,0.52,"E"
0.877,0.53,"E"
0.851,0.51,"E"
0.867,0.51,"E"
0.863,0.51,"E"
